134;F;Ballydane's Philimus;PER g;...;FD 17389;2479;PER e;;
136;F;Fleurette af Kambyses;PER e;...;FD 19845;2479;PER e;;
214;F;Farina Jousi;PER f;...;FD 11488;70753;PER n;;
273;M;Kismat Rahja of Vallemont;PER n;03-06-1970;CFA 0108-002887 V104;107794;PER n;;
274;M;Patou's Samourai;PER n;06-09-1977;CFA 0108-007867 V111;103329;PER e;;
356;M;Squire's Special Delivery;PER d;...;CFA 0110-004949 V111;5738;PER n;;
532;F;Gentle Bearcat's Gitte;PER a 33;...;FD 17152;4999;PER n 33;;
664;M;Shennen Sugar Daddy of Midas;PER d;...;CFA 0110-003434;485;PER w 62;;
765;F;Nordpilen's Eucalypso;PER w 62;...;FD LO 32482;3806;PER w 62;;
839;F;Valbjørn's Brigett;PER a 33;...;FD 13287;4999;PER n 33;;
918;F;Shennen's Maggie;PER d;21-03-1968;CFA 0111-000841 V101;27293;PER d;;
1083;M;Gaynells Feraud;BAL a;...;CFA 1276-238892 V0286;22149;BAL a;;
1135;M;McInkats Aki Kuma Cha of Nthaboo;MCO n 23;27-11-1979;CFA 1744-000127 V0181;3210;MCO n 22;;
1274;M;Kabbarps Gorgi;BSH a;...;FD 6976;1282;BSH a;;
1467;F;Mary Poppins de Broeckloni;BSH ns 24;...;MU.L83.BK.005.1;16050;BSH ns 22;;
1570;F;Golden Sabine of Great Yarmouth;PER e;...;FD 16345;1571;PER e;;
1580;F;Alancha af Stensgård;PER n 33;...;FD LO 35079;1084;PER a 33;;
1804;F;Huntley Helio Trope;PER g;...;GCCF NS 033211;24003;PER n 33;;
1806;F;Za-Za von Pahlewi;PER ns 12;...;1.DEKZV 011403;6554;PER ns 12;;
1821;F;Hillsbury Powdered Sugar;PER ns 12;...;1.DEKZV 005107;3707;PER ns 12;;
1952;M;Jama Kats Columbo of Laicha;PER n;19-05-1977;CFA 0108-007583;20527;PER n;;
2227;F;Larnyen Lollipop;SIA n;...;GCCF NS 233077;7022;SIA n;;
2292;M;Kowtow Khan;SIA n;...;GCCF NS 009649;24286;SIA n;;
2305;M;Silver Quando von Pahlewi;PER ns 12;...;1.DEKZV 030928;6554;PER ns 12;;
2431;M;Midas Jazzman of Sitara;PER n;06-10-1974;CFA 0108-005472 V108;22108;PER d;;
2771;F;Elva el-Tjok;PER g;...;1.DEKZV 021793;1605;PER a;;
2875;M;Pi-Den Caracal;ABY n;...;FD LO 26609;78346;ABY n;;
2986;F;Rohini van Het Hooght;SBI n;...;NKS 23-022;859;SBI n;;
3190;F;Silver Dream von Pahlewi;PER ns 12;...;1.DEKZV EXP. 5143;1653;PER ns 12;;
3323;F;Artemis Safir;SIA n;...;FD RX 3124;3531;SIA n;;
3593;M;Shwechinthe Chindit;SBI a;...;GCCF NS 224668;1369;SBI n;;
4255;F;Pegasus Madame;OSH b;...;FD LO 24897;15353;OSH b;;
4300;F;Klingeskov's Eta;SIA n;...;FD LO 29151;7966;SIA n;;
4410;M;Dar-Lin's Hey Jude of Kitty Charm;PER e;...;CFA 0114-009663 V111;8150;PER a;;
4541;F;Nanette von Schaephuysen;BSH x;...;1.DEKZV LO 075995;4627;BSH a;4633;...
5105;F;Kasimir Black Tulip;BSH n;...;SVERAK LO 25637;2630;BSH a;;
5141;F;Adonesh Rea Ripple;OSH b;...;GCCF SRNS 120386;15388;OSH b 22;;
5261;F;Midas Dolly of Castilia;PER g;...;CFA 0151-013370 V0282;6394;PER d;;
5442;F;Perann's Bette;PER n 33;...;FD LO 24494;1843;PER n 33;;
5482;M;Apollon;SBI n;...;SVERAK LO 24987;8788;SBI n;;
5487;F;Camille***;SBI n;...;FFF RX 17969;7106;SBI n;;
5614;F;Sweet Valley's Queen Erotica;SBI n;...;SVERAK LO 22755;76950;SBI n;;
6541;M;Amigo of Thael;ABY n;...;FD 12663;2861;ABY n;;
7539;F;Mjavo Sayo Nara;NFO n;...;NRR RX 50163;8917;NFO;;
8098;F;Quintessenza Nøkke;MAN n 03 53;...;FD RX 2751;2903;MAN n 02 51;;
8133;F;Shengo Eleiza;PER ns 12;...;FD 6635;1819;PER ns 12;;
8174;M;DK Long Fing Fong's Caesar;PER e 03;12-03-1991;FD RX REG 1459;4264;PER e 03;;
8581;M;Tom Kyle's Theriak;PER a;...;1.DEKZV 000364;3866;PER a;;
8783;F;Mitzy;SBI a;...;SVERAK LO 36002;7;SBI a;;
8819;M;Birminas Stubben;SBI a;...;SVERAK LO 30279;545;SBI n;;
8864;M;Juri-Jets. of Gayhouse;PER ns;...;1.DEKZV LO 134632;5110;PER ds 11;;
8865;F;Alkmene of Gayhouse;PER ds 11;...;1.DEKZV LO 134633;13723;PER ds 12;;
8912;M;DK Long Fing Fong's Gismo;PER e;12-03-1991;FD RX REG 1458;4264;PER e 03;;
8937;F;Quintessenza Zibylle;MAN n 03 24 51;...;FD RX 3223;2176;MAN n 03 24 53;;
12027;M;Fridhems Pontus Primus;EUR ns 22;...;SVERAK RX 29800;8533;EUR ns 22;;
13217;F;Black Josephine of Great Yarmouth;PER n;...;FD 15448;13182;PER n;;
13625;F;Golden Funny Face af Paral;PER e;...;FD LO 29633;680;PER e;;
13710;M;Gitano-Sm. of Gayhouse;PER ns;...;1.DEKZV LO 134630;6787;PER n;;
13819;M;Silver-Windsong von Pahlewi;PER ns 12;...;1.DEKZV 007360;6554;PER ns 12;;
14472;F;Madly vom Rococo Schloss;SBI f;...;1.DEKZV LO 085691;24174;SBI n;2117;...
16290;M;Akasah's Ras Banzai;ABY n;...;SVERAK LO 45619;110642;ABY n;;
16866;M;Maytime Angelo;SIA a;...;GCCF NS 125159;3146;SIA a;;
16994;M;Laneen Carbon's Copy;PER n;...;CFA 0108-210309 V1185;6796;PER n;;
17346;F;DK Long Fing Fong's Josefin;PER g 03;12-03-1991;FD RX REG 1457;4264;PER e 03;;
17955;F;Dalai Hot Fudge;OCI x b;...;CFA 0203-141459 V0284;67942;OCI ns 24;;
18711;F;Barbarella El Sana;ABY n;...;FD 9805;11513;ABY n;;
23367;F;Yamasee I Yatzy B Suffragett;EUR f 22;05-01-1992;FD RX REG 1606;24554;EUR n 24;;
24631;F;Monas Red Rebecca;MAN d 23 51;...;NHS AK 15.572;8075;MAN e 22 51;25469;...
25397;F;Idle Hour Farm Kati of Charmalot;MCO n 23;25-04-1980;CFA 1745-0158 V0381;3210;MCO n 22;;
25468;M;Tatleberry Brutus;MAN a 51;...;NHS AK 52.048;25466;MAN a 03 22 51;25467;...
25556;F;Chantilea's Lori of Kitty Charm;PER g;...;CFA 0151-014695 V0381;25227;PER n;25555;...
31139;M;Dandy (P) The Nature Cat DK;MCO es 22;30-06-1993;FD LO 72203;28687;MCO n 23;;
31639;M;Winny's Silver Woolly Boy;PER ns;...;DVDK 11.020;31636;PER ds 11;31637;...
31747;F;Aita Pea Pea El Kahena;EXO a;...;LOS 85-4892;31751;EXO a;31752;...
32273;F;DK Long Fing Fong's Fifi;PER g 03;12-03-1991;FD RX REG 1456;4264;PER e 03;;
32628;M;Thamakan Golden Ruddy;BML x ny;17-11-1994;FD RX 10132;30401;BML ns 11;;
34941;F;Millwood Phaeng;BEN n 24;10-07-1993;FD RX REG 1738;83090;BEN n 24;;
35410;F;MtKittery's Musquash Missy;MCO n 22;13-10-1980;CFA 1745-085178;18173;MCO n 22;;
37357;F;Lakme Bodhitsattua;ABY n;...;CFA 0381-007250;2855;ABY n;;
38272;F;Thamakan Silver Rosanna;BML bs 11;17-11-1994;FD RX 10129;30401;BML ns 11;;
39490;F;DK Bardicat's Artemis;NFO n 09 22;22-05-1998;FD LO 94581;56499;NFO a 09 23;;
39510;M;DK Amore Miau's Simba;MCO d 22;20-11-1998;FD LO 98117;45764;MCO ds 09 22;;
39582;F;Thamakan Silver Renette;BML as 11;17-11-1994;FD RX 10130;30401;BML ns 11;;
39583;M;Thamakan Silver Romeo;BML ns 11;17-11-1994;FD RX 10131;30401;BML ns 11;;
40650;M;Nemo von Henzada;BUR n;...;LOS 84-4297;40648;BUR n;;
40789;F;Chestnut's Pretty Kitty;BSH h;...;DRU 101461;17225;BSH c;;
41733;F;DK Long Fing Fong's Dusses;PER e 03;12-03-1991;FD RX REG 1460;4264;PER e 03;;
41864;F;W-Barbra;MAN a 51;...;MU.L89.MX.04.1;51107;MAN n 03 52;;
47501;M;Chilbrook Peach Sting of Honeycoon;MCO e 23;10-08-1987;CFA 1745M-498209;4343;MCO a 22;;
49445;F;Boadicat Bizzie Lizzie;BSH a 33;...;GCCF CSEXP 079306;41775;BSH n 33;;
50973;F;Masteast Tiger Lily of McKittycreek, DM;MCO fs 23;09-02-1991;CFA 1737M-692524 V0692;80187;MCO ns 09 23;;
52121;F;Asta af Pejen DK;PER g 02 62;10-07-1998;FD LO 95792;41853;PER a 02 62;;
52122;F;Sif af Pejen DK;PER g 02 62;10-07-1998;FD LO 95793;41853;PER a 02 62;;
52535;F;Lynn-Lee's Donna Lee, DM;SOM n;15-07-1986;CFA 1381-328023 V0487;34519;SOM n;;
53003;M;DK Bardicat's Guffi;NFO n 23;10-08-1997;FD LO 91409;56499;NFO a 09 23;;
54019;F;Björnligans Petronella;BSH w 62;...;SVERAK RX 39619;8084;BSH w 62;;
56252;M;DK Bardicat's Alfredo;NFO e 09 23;30-04-1999;FD LO 99722;56499;NFO a 09 23;;
57011;M;Thamakan Golden Freddy;BML x ay 11;03-06-1997;FD RX 12152;30401;BML ns 11;;
57012;M;Thamakan Golden Ferry;BML x ny 11;03-06-1997;FD RX 12153;30401;BML ns 11;;
57112;F;Merinda Cover Girl;BUR c;...;GCCF NS 285799;57111;BUR c;;
58335;F;Morris de Broeckloni;BSH a;...;MU.R87.BK.029.1;1288;BSH a;;
59434;F;DK Bardicat's Cindi;NFO a 09 23;10-08-1997;FD LO 91411;56499;NFO a 09 23;;
60184;M;Arnold af Pejen DK;PER e 03;10-07-1998;FD LO 95794;41853;PER a 02 62;;
60464;M;DK Bardicat's Garfield;NFO d 09 23;10-08-1997;FD LO 91408;56499;NFO a 09 23;;
61864;F;DK Bardicat's Didi;NFO g 09 23;10-08-1997;FD LO 91410;56499;NFO a 09 23;;
62656;M;Bevlee Sassucki;SIA n;22-12-1983;GCCF NS 237310;18420;SIA n;;
62877;M;Kwisatz Blue Gordon;BSH a;...;GCCF CSSR 030887;41775;BSH n 33;;
62982;M;DK Bardicat's Frederik;NFO e 09 23;22-05-1998;FD LO 94579;56499;NFO a 09 23;;
62983;F;DK Bardicat's Aruba;NFO a 09 23;22-05-1998;FD LO 94580;56499;NFO a 09 23;;
63762;F;Riahon Auda Bebare;SPH n 09 21;25-01-1989;GCCF CSREF 194916;59121;SPH n 09;;
63864;M;Thamakan Silver Niro;BML ns 11;03-05-1998;FD RX 12855;56779;BML ns 11;;
63865;M;Thamakan Silver Ninos;BML ns 11;03-05-1998;FD RX 12857;56779;BML ns 11;;
64630;M;Ceilidh Sugar Blues;MAN x a 03 23;...;CFA 0690-573514 V0490;63801;MAN x n 03;63802;...
66065;M;Cleo's Black Oliver;BSH n;...;SVERAK RX 91884;32408;BSH n;;
67022;M;Pashaspride Osonozi Son;PER n;...;CFA 0108-645106 V1292;67013;PER n;;
67025;F;Purrteepurrs Kepsak of Pashaspride;PER f;...;CFA 0147-745911 V1292;67023;PER d;;
67035;F;Meunerie's Sabika of Charmingcat;MCO ns 22;05-05-1982;CFA 1737-118742;9880;MCO ns 23;;
67146;F;Bagoas Babble-Babble;BSH n;...;MU.R90.BK.032.1;67150;BSH b;;
67150;M;Buster Brown van Locust Valley;BSH b;...;SNVK 89-03-3K;99471;BSH b;;
67538;M;Silvercoon's J.R.;MCO n 09 23;...;XX 1470;7794;MCO n 22;;
67541;M;Lary vom Schindetal;MCO a 09 23;26-11-1986;1.DEKZV 120234;7167;MCO ns 09 23;;
67654;F;Chi-Lin af Pejen DK;PER g 02 62;10-07-1998;FD LO 95791;41853;PER a 02 62;;
67961;M;Timberwild's Amadeus of Purrfurdots;OCI c 24;...;CFA 0218-356924 V0587;67969;OCI b 24;;
67962;M;Ociville Tawny Shir Kahn of Gogees;OCI n 24;...;CFA 0200-261105 V0686;67969;OCI b 24;;
68362;F;Petlar's Ms Martha Polo Korattus;KOR;...;CFA 0505-298267 V0287;40641;KOR;;
68705;F;Ibiza af Pejen DK;PER g 02 62;21-11-1998;FD LO 98292;41853;PER a 02 62;;
68706;M;Oscar af Pejen DK;PER e 02 62;21-11-1998;FD LO 98293;41853;PER a 02 62;;
68708;M;Van Gogh af Pejen DK;PER e 02 62;21-11-1998;FD LO 98295;41853;PER a 02 62;;
68710;M;Gabriel af Pejen DK;PER e 02 62;21-11-1998;FD LO 98294;41853;PER a 02 62;;
68741;M;Isak af Pejen DK;PER e 03;10-07-1998;FD LO 95795;41853;PER a 02 62;;
69248;M;Xcalibur's Warlock;BSH n;...;CFA 2508-219185 V0984;69245;BSH a;69246;...
69249;F;Xcalibur's Josephine;BSH a;...;CFA 2507-338296 V0986;69245;BSH a;69247;...
69250;M;Katalina Blue Moon;BSH a;...;GCCF NS 165610;24011;BSH a;69242;...
69273;M;Fleetham Stroller;BSH a;...;GCCF NS 167773;38340;BSH a;;
69936;M;Dahshur Samson;ABY n;...;CFA 0380-711435;74374;ABY n;;
69937;F;Geseti van Tybaertshof;ABY o;...;MU.L91.AB.037.4;1064;ABY n;;
71113;F;DK Bardicat's Cleopatra;NFO n 23;30-04-1999;FD LO 99720;56499;NFO a 09 23;;
71230;M;Kaiwara Ati-Ati;RAG a 03;...;ACF QFA 1620Q97;113;RAG n 03;;
71295;M;Lookame Youngstar;SIA a;...;GCCF CS 213139;17084;SIA n;;
71929;F;Marie 98-76;PER g;25-05-1998;FD RX 12912;55505;PER c;;
72279;F;Ishmar Ima B B;BUR n;...;ACF WSCA 9576;72277;BUR n;72278;...
72734;F;Gipsy's Sunshine of Kashmir DK;MCO d 09 23;07-08-1998;FD LO 96988;66033;MCO d 23;;
72940;M;DK Bardicat's Ronaldo;NFO e 23;30-04-1999;FD LO 99721;56499;NFO a 09 23;;
73272;F;Gyurtsutarjan Twilight;SIA h;...;NKFV RVT 48.641;73270;SIA d;73271;...
74190;F;Repelsteeltje Wildebras;SFS non a 09 7;...;BC 6472;74189;SFS non a 09 7;;
74629;M;Myshadows Squeaky Clean;PER e;...;CFA 3014-226098 V0387;115;PER n;;
74761;M;Creamy of Carlsgaard DK;PER e 33;01-10-1999;FD LO 101984;70490;PER b 33;;
74762;M;Cat of Carlsgaard DK;PER a 33;01-10-1999;FD LO 101985;70490;PER b 33;;
74763;F;Camilla of Carlsgaard DK;PER h 33;01-10-1999;FD LO 101986;70490;PER b 33;;
75018;F;Willowplace Paloma Picasso;MCO f;06-07-1993;TICA SBT 070693 035;90204;MCO n 22;;
75022;F;Cosmicoon Mirabella of Willowplace;MCO ns 22;25-05-1993;TICA SBT 052593 019;71097;MCO ns 22;;
76322;M;Bajas av Reinsnos;SIA n 21;...;NRR LO 103623;36432;SIA n 21;;
76484;M;Willowplace Baron;MCO a 22;02-06-1986;CFA 1752-649372;47209;MCO n 22;;
77413;F;Karth's Confetti;MCO f 09 22;29-07-1993;CFA 1759-886358;52274;MCO n 09 22;;
77450;M;Morvan von den 3 Prinzen;PER w 63;...;1.DEKZV LO 116752;13514;PER d;;
77474;F;Circle Blue Tango;PER g 22;...;CFA 1153-082567 V0983;6153;PER d 22;;
77711;F;Royal Princess of Ragnarok;RAG a 03;20-01-1989;TICA SBT 012089 007;77710;RAG a 03;;
78499;M;DK Bardicat's Pumba;NFO e 23;02-05-2000;FD LO 104443;56499;NFO a 09 23;;
78500;M;DK Bardicat's Timon;NFO e 09 23;02-05-2000;FD LO 104444;56499;NFO a 09 23;;
78501;M;DK Bardicat's Dikal;NFO d 09 23;02-05-2000;FD LO 104445;56499;NFO a 09 23;;
78502;F;DK Bardicat's Yeba;NFO f 23;02-05-2000;FD LO 104446;56499;NFO a 09 23;;
79991;F;Temptation's Hey Mooky;MCO d 22;...;WACC RVDE 01008623;52276;MCO d 22;;
80174;M;Bogeykats Patrick O'Ryan, DM;ABY n;...;CFA 0380-375237 V0488;50490;ABY n;;
80352;F;Shwechinthe Samantha;SBI b;...;GCCF CSEXP 097963;40283;SBI b;;
80632;F;Chantarabe's Lady Luck;PER ns;...;CFA 0135-721981 V1091;47892;PER ns 22 62;;
82506;F;Millwood Crystal Prism;BEN n 24;21-02-1995;TICA C3T 022195 013;83090;BEN n 24;;
83379;M;Errol of The Talking Cats;OSH c 24;...;MMOE LO 64241;83372;OSH c;;
84073;M;S*Pocahonta's Denver;NFO a 09 23;09-07-1993;SVERAK LO 114058;57406;NFO a 09 23;;
84074;F;S*Trollgumman's Melicia;NFO n 24;16-12-1992;SVERAK LO 89885;44883;NFO n 22;;
85332;F;Maison de Chat Mimi;PER w 62;...;CFA 0103-544484;17554;PER d;;
85337;M;South Paw Red Cavalier;PER d;...;CFA 0110-427120;3180;PER n;;
85825;M;Tajhara's Just A Gigolo of Imzadi;SOM n;15-02-1990;CFA 1380-623595 V0791;85823;SOM o;;
85866;F;Lynn-Lee's Easter Lily;SOM n;17-04-1987;CFA 1381-378400 V0488;34523;SOM n;;
86325;M;Pahokee's Dusty;MCO n 22;07-11-1995;IMCCC 3MC071195R-12674;86324;MCO n;;
86329;F;Phunnyfarm's Jessica of Highchurch Manor;MCO n 22;14-05-1994;CFA 1745-960349;86328;MCO n 23;;
86459;M;Sutalih's Kesin-Kedi d'Wasserloos;TUA w 62;...;1.ITAVC TUA-Z-97.05.0149;45987;TUA w;;
86460;F;Sutalih's Lüks-Cicolata d'Wasserloos;TUA f 21;...;1.ITAVC TUA-Z-97.0281;45987;TUA w;;
86866;F;McKittycreek Cleo;MCO f 22;...;CFA 1787-987447;82416;MCO d 09 23;;
86882;M;Michael Silver Grej;SIB ns 09 22;02-09-1994;VARIETA 197/94;93242;SIB ns 09;;
86885;M;Camillo vom Dohlenbaum;SIB ds 23;30-10-1996;WACC RVDE 01030632 RIEX;86884;SIB as 09;;
86886;F;Virginia;SIB as 22;31-10-1993;WCF IFCe 092/93/SIB;86889;SIB ns 09;;
87939;M;Gogees Rocketeer of Wildwood;BEN n 24;05-10-1991;TICA SBT 100591 010;60723;BEN n 24;;
88094;M;Cervin de Labellrousse;CHA;...;ANFI LO 16976;6722;CHA;;
88096;M;Felix de Chinamour;CHA;...;ANFI RX 4727;87989;CHA;;
88184;F;Crouton of Phoenix;BSH a;...;AICC 04004103;69531;BSH c;;
88408;F;Okahandja von Andishan;XSH ns 25;...;HKC BU-1100-AK-3/99;88409;XSH ns 25;;
89187;F;Bragnrags Lil Lizzy of MTHope;RAG a 04;27-09-1993;TICA SBT 092793 009;89002;RAG a 03;;
89400;F;Ellis Chaming;PER a;...;ARCCA PER/94-3967;89399;PER a;;
89403;M;Mashala Bugel Boy;PER e;...;CFA 0114-964649;12683;PER e 03;;
89833;M;Sangralee's Snapper Dapper Do;PER a 33;07-08-1992;CFA 3276-807520 V0394;32331;PER a 33;;
89843;F;Bolo's Vanessa of Noblessa;PER e 01 62;09-06-1992;CFA 1181-796524 V0993;58367;PER d 03;;
89951;M;Najim Mercury;SBI a;06-04-1989;GCCF CSSR 094922;68318;SBI c;;
89972;M;Maineline Spenser of Kittykoon;MCO n 23;08-01-1987;CFA 1744M-378530 V0488;18175;MCO n 22;;
90039;M;Polcann's Sunrise-Rider;PER d;27-03-1991;CFA 0140-698293 V0692;76600;PER n;;
90161;M;Silvercoon's By By Merlin;MCO ns 22;...;IMCCC 3MC070191-5688;67042;MCO ns 22;;
90347;M;Heritage Ramses Gold of Starbengal;BEN n 24;27-06-1994;TICA SBT 062794 001;79417;BEN n 24;;
90559;M;Magnifique Chardani;RAG a 21;07-09-2000;FD RX 113280;74014;RAG c 04 21;;
90826;F;Sungirl;MCO d 09;...;CFF MC49DF1-89623-2;90825;MCO d 09;;
90827;M;Tomeran Thoreau;MCO ns 23;...;FE.L88.MC.MU.007;14885;MCO ns 23;;
90977;F;Calibra Child of Maine;MCO d 22;...;FE.L89.MC.028.1;17100;MCO d 22;;
90978;M;Yankee Pearl's Play Boy;MCO ns;...;MU.L90.MC.001.4;90827;MCO ns 23;;
91034;M;Sandypaws Bugle Boy;PER n 33;...;CFA 3272-713004;58697;PER d 33;;
91048;M;Pasta Paws Charlie Brown;PER n 33;...;CFA 3272-941282;91027;PER n;;
91157;F;Ragnarok's Starlet;RAG n;...;CA RX 87030700;91156;RAG n;;
91283;F;Kitnhuyse Filene;SPH d 09;10-01-1993;TICA COT 011093 007;59136;SPH d 09 21;;
91320;M;Merrypawpins Super Califragilistic;RAG a 03;30-05-1997;TICA SBT 053097 006;90655;RAG a 03;;
91324;F;Glacier's Carmella of Ragnarok;RAG g;21-04-1998;TICA SBT 042198 038;91323;RAG n;;
91611;M;Donny av Myre;NFO d 09 22;...;FE.R88.NF.N.03;40818;NFO n 09;;
91945;M;Små-Troll's Blue Frederic;SBI a 21;17-07-1987;1.DEKZV RX 125911;4798;SBI n 21;;
91949;F;Belinda v. Rosenstock;SBI a;...;1.DEKZV RX 169795;4798;SBI n 21;;
92432;F;Silvercoon's Caprice;MCO ns 09 22;14-05-1991;IMCCC 3MC140591-5892;67042;MCO ns 22;;
92469;M;San-Toi's Hot Chocolet;SIA b;...;CFA 0270-559188;36843;SIA n;;
93110;M;Camio von den Kämpen;SOM n;...;BEC 2103940;48500;SOM n;;
93539;F;Demiara Ladybug of Famous;PER f;29-12-1991;CFA 3047-781843 V0993;40242;PER d;;
93544;F;Cliftonpoint Gretta;PER f 33;30-06-1993;CFA 3293-875169 V1294;73214;PER n 33;;
93970;F;Koontucky Simply Marvelous;MCO n 23;25-09-1993;CFA 1745M-896035 V1095;48802;MCO n 23;;
94358;F;Dorwill Funky Diva;MCO n 09 22;...;CFA 1793-1080057 V0398;74666;MCO n 09 22;;
94547;M;Cotton Paw Barney Boomer;RAG n 04;25-07-1988;TICA SBT 072588 033;94546;RAG n 03;;
94588;F;Two Coon Junction Artemis;MCO n;...;BKKV 019-0598;94586;MCO ns 09 23;;
94602;F;Myshara's Such A Doll of Luvlypurr;PER f;30-11-1992;CFA 0147-835206 V1094;39469;PER n;;
95512;F;Thickthorn Sesame;OCI ns 24;...;GCCF CSREF 313752;70748;OCI n 24;;
95714;M;Cinnamon's Izio;ABY o;...;ANCFF L-930126;33810;ABY n;;
95828;F;Ocicountry Makin' Whoopi of Richoci;OCI o 24;07-08-1992;CFA 0211-811080 V0494;115569;OCI n 24;;
95927;F;Crimsoncats Dixie Deb of Wil-O-glen, DM;ABY o;18-08-1993;CFA 0383-884589 V1195;60133;ABY n;;
96432;M;Rainbow Warriors' Mr. Pimpernel;SPH d;...;NKU SARA UN.R99.SPH.022.1;96428;SPH n;;
96448;M;Alvaney Silver Shadow;BSH ns 12;...;FFF RX 15938;69426;BSH ns 12;;
96521;F;Rainbow Warriors' Ms. Serenka;SPH f;...;NKU SARA UN.R01.SPH.016.1;96432;SPH d;;
97032;M;McKittycreek TJ Pounder of Hibou;MCO ns 22;15-08-1993;CFA 1736-931089 V0195;72898;MCO ns 23;;
97034;F;Angtini's Sweet Cinnamon Swirl;MCO f 22;12-08-1990;CFA 1787-651277 V0892;64234;MCO d 22;;
97076;M;Peyorsia Twilight Zone;SIA e;...;GCCF NS 305655;31287;SIA e;;
97079;F;Marilane Demelza;SIA n;...;GCCF NS 304663;20449;SIA n;;
97292;M;Bambino Coronet;BUR b;...;CCCA COAWA (W) 1778W92;919;BUR b;;
97293;F;Roellen Moniques Image;BUR c;...;CCCA COAWA (W) 1659W91;72280;BUR a;;
97368;F;Eva van het Geestmerambacht;BSH a;...;NCT 926130;67149;BSH a;;
97384;M;Aragorn von der Heidhörn;MCO ns;...;DRV 014574-LH Bd. X II;74694;MCO n;;
97518;F;Tigerflower Kiana of Lightdancer;ABY p;25-07-1994;CFA 0387-952360;75602;ABY p;;
97639;F;Ulanga Kashira Minx;BEN n 24;18-03-1994;TICA COT 031894 028;97631;BEN n 24;;
97983;F;Monashees Earth & Fire;MCO f 22;...;SDRV 05006522;56144;MCO d 22;;
98583;F;Honkytonk Seraway Lass;BSH c;...;GCCF CSEXP 238971;98589;BSH c;;
98741;M;Purrkin's Leroy;SOM o;...;BEC 2103739;68119;SOM n;;
98879;M;Lillycoon's Sass Maor;MCO n 23;...;ANFI LO 38486;2109;MCO a 23;;
98966;F;Viola v. Wahrberg;BSH ay 11;...;1.DEKZV 182139;98964;BSH ny 11;;
99162;F;Sabina;BSH a;...;SVERAK LO 117872;110902;BSH a;;
99461;M;Silver Lord Silvester van Breedveld;BSH ns 24;...;NCT A967568;96269;BSH ny 24;;
99870;F;S*Pysida's Onyx;NFO as 09;08-02-1997;(SE)SVERAK LO 143334;59527;NFO n 09 22;;
99883;F;East Exotic's Go Go Girl of Katyiah;PER f 03;...;CFA 0149-992471;99882;PER d 03;;
99900;F;Kassiopaya of Mount Mac Kinley;MCO n 09;...;1.DEKZV 200236;22377;MCO ns 09 23;;
99969;F;Dancecats Sweet-Charity;EXO f 22;...;CFA 7787-772930;39429;EXO d 22;;
100061;M;Lintis Maximillian;SIA n;...;GCCF NS 186971;18420;SIA n;;
100199;F;Ocean Breeze's Onyx of Silvercoon;MCO n;...;IMCCC oMC170994-RIEX-11661;100198;MCO n 09;;
100538;F;La Paloma's Cinzia;PER d;...;FE.L87.PE.330.1;10863;PER d 33;;
100668;F;Heritage Catalina;BEN n 24;16-07-1994;TICA SBT 071694 020;75931;BEN n 24;;
100673;M;Starbengal Emilio Sheen;BEN n 24;22-05-1994;TICA SBT 052294 009;83748;BEN n 24;;
100705;F;Mona-Lisa's Aida;SBI a;...;1.DEKZV 144691;21442;SBI a;;
101338;F;Shanna's Silver Shenandoah;MCO fs 09 22;...;FE.L93.MCO.022.4;95413;MCO d 22;;
101362;F;Johaelan's Christiania;PER f;...;CFA 0147-1150784 V1098;90476;PER w 62;;
102751;M;Lihnis Puf Larri Ex Unikat;PER e;...;AR PER/96-5491;102750;PER e;;
102753;F;Ofna Moros de Enicuz;PER d;...;ARCCA LO PER/97-5392;102752;PER w 62;;
102964;M;;...;...;Ukendt / Unknown;102964;...;102965;...
102965;F;;...;...;Ukendt /Unknown;102964;...;102965;...
103343;F;Gwendolyn av Thann;NFO f 22;...;SDRV 05004533;104140;NFO a 09 22;;
104210;F;The Dorsai's Rainbow Warrior;MCO f 09;...;AICC 04003955;84663;MCO d 09;;
104339;F;Alifbay Kathryn Hepburn;BEN n 24;03-10-1994;TICA SBT 100394 037;83748;BEN n 24;;
104397;M;Salemcoon Sabbath of Cloistercoon;MCO n;26-10-1996;CFA 1708-113935;64245;MCO n 22;;
104398;F;Oakbear's Menorah of Cloistercoon;MCO g 09;...;CFA 1721-1089739;73791;MCO n;;
104727;F;Alina Alisa Allegri;EXO f;07-03-1994;CFA 7747-1046761 V0696;89385;EXO a;;
104768;M;Mikanmi Charlie Brown;PER b;...;GCCF 027813;104762;PER b;;
104800;F;Tauron's Ellena, DM;NFO as;...;(SE)SNRF NS 4310;86476;NFO n 09 22;;
104804;F;S*Highlander's Alizia;NFO ns 09 23;...;(SE)SVERAK RX 126041;40002;NFO as;;
104904;F;Cactusway's Lucky Lottery of Macska;PER h 33;...;CFA 3249-498941 V0789;12379;PER b 33;;
104942;F;Chantarabe's Designer Genes;PER ns 22 62;27-10-1991;CFA 0137-749941 V1292;80633;PER ns 22 62;;
105179;M;Callyn's Mystif-Eyes of Cardinay;PER e 33;...;CFA 3296-638718 V0991;74631;PER a 33;;
105180;F;Callyn Spring Cleaning of Cardinay;PER e 33;...;CFA 3297-719666 V1292;74629;PER e;;
105491;F;Millwood Dalilah;BEN n 24;29-06-1988;TICA B2T 062988 002;69569;BEN n 24;;
105742;M;S*Maggie Cat Einstein;RAG a;...;KKN SL 577-98;56017;RAG a;;
105844;M;Mossrose Bullseye of Elestials;PER d 22;06-09-1994;CFA 0140-957753 V1096;84049;PER n;;
105846;M;Quin-Jo's Brandy Alexander;PER e;10-07-1992;CFA 0114-793854 V0394;51033;PER d;;
105861;F;Sunnybeach Silver Venus;PER ns 11;...;CFA 0133-869439 V0993;7622;PER ns 11;;
106424;M;Topcattery Gipsy King;PER n 22;23-04-1995;CFA 0144-1027759 V0497;128235;PER n 22;;
106646;M;Marhei Kit And Kabuki of Barbeedoll;PER a 03;31-03-1992;CFA 1106-774676 V0394;69823;PER e 03;;
106647;F;Myshara Sharon of Marhei;PER n 03;06-06-1992;CFA 1109-873390 V0394;44069;PER n 03;;
106706;F;Torv Hede's Quitinka;NFO g 09 23;...;FE.L87.NF.006.1;17581;NFO n 09 23;;
106989;M;Woody von der Linderhöhe;SOM n;...;BEC 2102327;48862;SOM n;;
107048;F;Whistful Venus Obsequens, DM;ABY o;09-06-1992;CFA 0383-785353;20013;ABY n;;
107395;F;Gabih's Emely von Rasputin;ABY a;...;GdK 893095-2;64482;ABY a;;
107396;M;Wildfire v. Harmonie;ABY o;...;1.DEKZV 200973;67104;ABY a;;
107442;F;Coonsboro's Ladyhawk of Mewsicoons;MCO n 09 22;21-11-1993;CFA 1793-904719 V0895;64250;MCO n 23;;
107452;F;Cooncreole Anastasia of Mysticoon;MCO f 09 22;30-08-1992;CFA 1793-819608 V0594;52274;MCO n 09 22;;
107453;M;Charmalot Moonshine of Coonorama;MCO n 09 22;21-03-1992;CFA 1792-777285 V1093;47497;MCO n 09 22;;
107556;M;Oakland of Prairiebaby;MCO d 09 22;...;ACA 80714-1;107554;MCO a 09;;
107565;F;Four Paws Sunshine;MCO n 23;...;ACA 79371-2;107564;MCO n 23;;
107589;M;Brigantina's Cream Velvet;PER e 33;...;CFA 3296-1023779;89835;PER d 33;;
107591;M;Naplemente King Charles;PER d 33;...;MMOE LO 60294;68417;PER a 33;;
107675;M;Benny of Cromwell;MCO d 23;...;BKK 3785-92 Bd.A;67635;MCO d 22;;
107761;M;Hawk MicMac Ghostbuster von Blue Moon;MCO ns 23;...;WACC RVDE 01023022;107760;MCO ns 22;;
107838;M;Le Petit Guizmo de la Foret Eternelle;SPH n 09 21;...;SCFF RIEX 0782;69574;SPH d 09 21 32;;
107843;F;Nefertiti Lady Khety;SPH n 09 21;...;SCFF 16841;107840;SPH a 09 21;;
107898;M;Kaptain K. Sea von Roggenberg;MCO as 09 22;23-02-1997;BKK 8670/97 Bd.A;99375;MCO n 22;;
108039;F;Thunderpaw's Sindy;MCO d 09 23;...;ACA 78991-2;108038;MCO w 64;;
108052;F;Devil's Blue Velvet of Lakota Moon;MCO as 22;...;KVL 99-122-0558-9;108051;MCO ns 22;;
108463;F;B'Elana of Blue Forest;MCO f 09 23;...;DLK 1-01337997;96552;MCO n 09 22;;
108706;F;Eremurus Violet Show;BUR h;...;OPKK 245/96/BUR;108867;BUR d;;
108708;F;Virgini Prima Nadin*UA;BUR f;...;UFA LO 1156;108867;BUR d;;
108888;F;Khun Julaporn's Pee-mai;KOR;...;CHIANGMAI 51;108886;KOR;102965;...
109169;M;De-Rohan's Bleu-Maurice;SBI a;...;WCF DE 40886;109168;SBI a;;
109171;M;Hermès de Marie'Sources;SBI c;...;FFH LO 54960;107789;SBI b;;
109411;M;FIN*Farukin Baltic Dazzling;CRX w 62;28-04-1998;SRK LO 20529;87981;CRX w 61;;
109601;F;Druimbeg Snowgirl;BEN n 24 33;...;GCCF NBEXP 940;109593;BEN n 22;;
110383;F;Georgia's Electra;MCO fs;...;1.DEKZV 219155;56156;MCO ds 22;;
110467;M;Surrey Hill Heirborne of Chrishanna;PER n 03;19-03-1995;CFA 1108-1006959 V0796;65327;PER a 01 62;;
110638;F;Långsjöns Kissa;ABY o;...;(SE)SVERAK LO 35146;110641;ABY o;;
110640;M;Ultimate af Fredenslund;ABY n;...;FD LO 27159;5094;ABY n;;
111065;F;Yesterday of Tenderness;MCO n 23;...;KVL 95-175-1035-3;75024;MCO n 23;;
111696;M;Saybrinna Tomorrows Cream;SBI e;...;GCCF CSEXP 156214;77542;SBI a;;
111705;F;Heirloom Canndianne of Cooncreole;MCO n 22;30-04-1994;TICA SBT 043094 008;52274;MCO n 09 22;;
112158;F;Marhei Fruitcake, DM;PER f;28-07-1990;CFA 0147-656824 V1191;8448;PER n;;
112403;F;Shai-San War's Sabina Frost;BUR c;...;(SE)SVERAK LO 43889;32983;BUR n;;
112594;M;Pinoccio von Elfenfohren;BSH a;...;DRU 104176;93450;BSH c;;
112601;F;Dana von Pilatus;BSH a;...;DRU 00R190;112594;BSH a;;
112655;M;Rosettea Crystal Prism of Braveheart;BEN n 24;15-09-1997;TICA SBT 091597 002;112649;BEN n 24;;
112686;F;Nakied van Diaspora;BSH a;...;FE.R89.BK.063.3;4647;BSH a;;
113003;M;S*Brittannica's Mr. Merlin;BSH n;...;(SE)SVERAK LO 107535;66664;BSH d;;
113530;F;Maclae Diamond Lee;SIA n 21;...;CCCA QFED 14575/32I/89;113511;SIA n 21;;
113531;F;Korindah Kinieger of Felitan;OSH n 24;10-02-1994;CFA 2329S-931961 V0795;113509;OSH ns 24;;
113563;F;Real Coon Samsara;MCO n 09 22;...;ANFI LO 40771;99552;MCO ns 23;;
114001;F;Ginger v. Treudelberg;BSH a;...;WACC RVDE 01022090;44362;BSH c;;
114529;M;Nedim von Eski-Van;TUV d 63;...;1.DEKZV RX 198251;114787;TUV d 62;102965;...
114532;F;Semiramis von Eski-Van;TUV d 63;...;Kat ID: 266726;114528;TUV d 62;;
114857;F;Newskij's Elisa Endokaja Girl;SIB ns 09 22;...;KOSCHKA 99-SIB-1506-2;86882;SIB ns 09 22;;
115090;F;Princess of Koi Pond;MCO fs;...;DLKEV 2-0208559-98;111756;MCO n 22;;
115199;F;Van Dyke Lakeshore Missy;ABY n;28-04-1989;CFA 0381-643438 V1090;159183;ABY n;;
115461;M;Mountain Maine's Sidney;MCO n 09;...;Felina 09064216;86452;MCO n 09 22;;
115917;M;Lightingfields Born to be Wild;MCO n 22;...;KVB 4420-9-97;83053;MCO a 22;;
115918;F;Lightingfields Bluebelle;MCO a 23;...;KVB 4576-3-98;83053;MCO a 22;;
116008;M;A*Castine's X-Large;MCO a 22;...;ÖVEK LO 9810145;116007;MCO n 22;;
116592;M;Chichona's Red Button;PER d 22;...;FAC 001087-01-95;116591;PER d 22;;
116677;M;Twinkel van de Beverkrul;BSH ns 22;...;SNVK A96-12-129K;88548;BSH ns 24 64;;
116923;F;Gladys Lapron;EXO a;...;AR EXO/93-128;89385;EXO a;;
116927;F;Charena;EXO f;...;AR CCA LO EXO/97-171;102740;EXO a 22;;
116961;M;A*Castine's Hokessin;MCO n 09 22;...;1.DEKZV 210719;25022;MCO n 23;;
117134;F;Luna van de Woeste Hoogte;BSH a;...;FE.L91.BK.058.1;58381;BSH w 62;;
117175;M;Stormwatch's Red Skye at Morning;MCO ds 09 22;27-10-1996;CFA 9766-110500;32948;MCO a 22;;
117228;F;Coonyham Sonoma;MCO n 22;03-06-1995;TICA SBT 060395 002;52283;MCO n 22;;
117229;F;Fountain Farm's Yuletide;MCO n 22;...;DLK 1-013768-99;96552;MCO n 09 22;;
117503;M;Kaleva Reino;MCO ns 22;...;CFA 0042-1356780;117502;MCO ds 22;;
117853;F;Jaba Daba Dou's Lollipop;MCO d 22;...;1.DEKZV 268405;109130;MCO d 23;;
118185;M;Islandcats Smokin Ice;MCO ns;30-06-1995;TICA SBT 063095 015;36415;MCO w 62;;
118586;F;Vinsbobäckens Dorothy;SBI n 21;...;(SE)SMK LO 5236-98;48333;SBI b;;
118712;F;Acrith Honeysuckle Rose of CoonMtn;MCO ds 09 11;01-01-2000;CFA 9767-1315142;80816;MCO ds 22;;
119334;F;Sweet Soft && Lazy's Rama;MCO ds 22;...;KVL 98-213-0527-7;89222;MCO es 22;;
119369;M;Wilma's Yoda;BSH c 33;...;WACC RVDE 01021218;81908;BSH c;;
119370;F;Mrs. Lucia von Ambach;BSH a 33;...;GdK 1172497-0;119368;BSH x ny 11 33;;
119371;M;Silver-Big-Panther von Ambach;BSH x ns 11 33;...;GdK 1243297-2;119368;BSH x ny 11 33;;
119412;M;Rosecitycoon's Senna Bellamis;MCO n 22;...;VKS 8723-96HL;36631;MCO ns;;
119425;F;Sarina Shantung Shine;MCO f 22;...;FE.L97.MCO.047.4;119424;MCO d 22;;
119581;M;Gustave-Klimt v. Rigi's;BSH a;...;1.DEKZV 192898;119576;BSH a;;
119879;F;S*Cosmonova's Olivia;SBI b;23-06-1998;SVERAK LO 152098;111828;SBI n;;
120138;F;Junon Du Domaine De La Malpensata;MCO n 23;...;CFB 94/08;123994;MCO ns 23;;
120141;F;S*KungsLjusets Pretty Women;SBI g;05-06-1996;(SE)SVERAK LO 139836;69136;SBI b;;
120287;M;Saska-Khan's Yankee Doodle Dundee;MCO es 09 11;...;CFA 1792-967745;120286;MCO as 22;;
120472;F;S*Fredrikakattens Albertina;SBI n;07-04-1992;SVERAK LO 108096;64912;SBI n;;
120627;F;Mainz Coon's Cherokee of Masaitana;MCO d 22;...;CFA 1741-1246913;128852;MCO ds 22;;
120958;F;Grand Oray Nicolj;SPH f;...;ANON SPH/99-1168;120891;SPH n 09 21;;
121190;F;Lillycoon's Zaman;MCO fs 09 23;...;ANFI LO 56091;2109;MCO a 23;;
121440;M;Grand Oray Liber;SPH a 09;...;ANON SPH/99-228;120891;SPH n 09 21;;
122041;F;Sheba de Chantalle;PER ns 11;...;DVDK LOB 13947;17245;PER ns 12;;
122248;F;Grand Oray Penelope - Yoda;SPH w 64;...;(RU)ANON SPH/00-2004;119922;SPH d 03;;
122361;M;TheCatHut Sampson of Niwot;MCO ns 22;14-06-1998;CFA 1736-1244695 V1099;89531;MCO ns 22;;
122403;F;Early-Day of Silvermoon;MCO ns 09;...;1.DEKZV 175660;121881;MCO n 09 21;;
122642;M;Enno v. Eppenhof;BSH c;...;DRU 101408;112585;BSH a;;
122648;F;Arabella v. Lahrtal;BSH c;...;SHKRP LO 5591;122642;BSH c;;
123151;F;Bonnie Blue vom Landwehrjohann;BSH c;...;DRU 10489517;92215;BSH b;;
123159;F;Julien v. Kiesel-Hauf;BSH e;...;1.DEKZV 180326;24394;BSH e;;
123162;F;Magan vom Wernerwald*D;BSH g;...;1.DEKZV 236082;24394;BSH e;;
123199;F;Lulu;SIB f 09 23;...;(Missing reg.)SIB/93-01;123195;SIB d 09 23;;
123206;F;Tamina;SIB f 09;19-01-1995;(RU)EPK 221-95-CB;123204;SIB d 23;;
123257;F;Petrol van Berkendonck;CRX a;...;FE.L88.RC.007.3;23203;CRX w;;
123320;F;Byrko von Jotunheimen;NFO n 09 23;...;1.DEKZV 088643;6111;NFO ns 09 23;;
123771;F;Filai;TUV d 62;...;Cat-Club Nied. 20970184;123691;TUV d 62;;
123921;F;Marhei Spiked Punch of Red Sky;PER f 03;...;CFA 0149-883174 V0695;69823;PER e 03;;
123924;M;Ronlyn Nikki;PER e;...;CFA 0114-790798 V0895;22658;PER n;;
124111;F;Black-Donna vom Wernerwald*D;BSH n;...;KKÖ 3847 LO;60103;BSH b;;
124139;F;Ol' Shag Mega Chattahoochee;MCO f;...;WCF DE 50756;103593;MCO as 22;;
124167;F;Cheratons Damsel Sunbath;TUV d 62;...;GCCF CSSR 261184;6546;TUV d 62;;
124169;M;Ailsadell Jarvis;TUV d 62;...;GCCF CSSR 365733;109248;TUV n 62;;
124170;F;Ailsadell Leilarna;TUV f 62;...;GCCF CSREF 431197;109248;TUV n 62;;
124328;M;Goblin's Just In Time;BSH a 03;...;1.DEKZV 176449;17225;BSH c;;
124339;F;Red Flame Rachel of Moonlight Cats;MCO fs 09;...;Felina 09058030;86451;MCO ds 09 22;;
124923;M;Super-Star's Uncle Sam;MCO n 09 22;...;1.DEKZV LO 290308;86814;MCO n 09 22;;
125166;F;Donnahugh Arundel of Broadsway;MCO n;14-06-1991;TICA SBT 061491 007;72596;MCO n 23;;
125167;F;Kittyup The Abbess of Cloistercoon;MCO ds 22;07-05-1996;CFA 1767-1071550;82419;MCO ds 23;;
125609;M;Jovan Ghost of Cobby-Corp;PER w 62;...;CFA 0102-769277 V0793;46261;PER n;;
125618;F;Colesco's Curtain Call of Wattkatz;PER d 03;15-01-1994;CFA 1111-922222 V1295;100824;PER d 03;;
125691;F;Moja Sharlotta;SIB g 09;...;VARIETA 21/1998;113118;SIB n 09 23;;
125860;M;Bombercat's Falcon of Zehnder;ABY p;...;CFA 0386-1030341;96310;ABY p;;
126205;F;SaraJen Mimosa;MCO n 22;12-12-1994;CFA 1745-975219 V0596;80819;MCO n;;
126207;F;Meowy-Kazowy's China Blue;MCO as 09 22;06-10-1994;CFA 1793-963839 V0296;88950;MCO ds 09 23;;
126361;M;Mewsos King Creole;BSH c;...;GCCF CSSR 418144;110953;BSH c;;
126804;M;Sunny Boy;PER e;...;ANFI LO 41566;62691;PER n;;
126815;F;Eurydyka AB-CAT*PL;NFO n 09 23;...;SHKRP LO 9563;46614;NFO n 09 23;;
126868;F;Antippa Ticalaquendi;ABY ns;...;BEC 2104105;7739;ABY ns;;
126900;F;Pampushka Twilight Opal;MCO g 09 23;...;GCCF CS 312597;126895;MCO as 09 22;;
127477;F;Mardenka Moonliteserenade;BSH c 33;...;DRU 00R167;101529;BSH c 33;;
127478;M;Kaisoon of Pasha's Palace;BSH b;...;DRU 106781;113152;BSH b;;
127480;F;Zschou-Zschou v. Eppenhof;BSH h;...;DRU 104771;92215;BSH b;;
127900;M;Kiakioesjoe's Especiale;SIA b;...;SNVK 96-12-074K;61186;SIA d;;
128041;F;A*Castine's Navasota;MCO f 22;...;TICA SBT 012796 014;28555;MCO a 22;;
128206;F;Pegavi Graceful Gaea;BUR e;...;GCCF CS 335458;108355;BUR e;;
128411;M;Black Cloud's Cherokee;MCO ns 09 22;...;SDRV 05014280;128410;MCO ns 22;;
128834;M;Heaven Sent Sam v.d. Klingelweise;PER b;...;WACC RVDE 01020050;158084;PER b;;
128862;M;Osiris of Bathurst;MCO a 22;...;1.DEKZV 211216;144072;MCO n 09 21;;
129260;M;Woodstock von Elfenfohren;BSH c;...;DRU 105397;93450;BSH c;;
129275;F;Bavarians Blue Monique;BSH c;...;1.DEKZV LO 232177;93450;BSH c;;
129902;M;Frou-Frou van de Boarre State;BSH c;...;CATS 3536/97-43/003-m;96534;BSH c;;
129904;F;Dancing-Dream van de Nekker;BSH g 03;...;DVDK LOB 14.834;69545;BSH e;;
130120;M;Dollhouse Moses of Desertdolls;RAG n 04;21-06-2000;TICA SBT 062100 021;119733;RAG n 03;;
130124;F;Ragmar's Brianna;RAG a 04;22-01-1993;TICA SBT 012293 034;75004;RAG c 03;;
130312;F;Starbushway's Orchidee;MCO n 09 23;...;WACC RVDE 01053567;130311;MCO n 09 23;;
130332;F;Diadem Centerfold;PER ns 11;...;SVERAK LO 109528;13897;PER ns 11;;
130333;F;Fairisles Lorelei;PER ns 11;...;CFA 0133-873930;43955;PER ny 12;;
131488;M;Martin Chingi-Tura;SIB d 23;...;19/99 SIB-ex "Eylur" SPb;131487;SIB e 03;;
131489;F;Ksenia Chingi-Tura;SIB d 09 23;...;WCF ELR II-005/200601/SIB;131488;SIB d 23;;
131695;M;Velva's Diamond Dust;RUS;06-04-1985;CFA 0500-276618 V0386;14974;RUS;;
131696;F;Miribu's Am I Blue of Friday;RUS;26-04-1986;CFA 0501-343323 V0887;1512;RUS;;
131701;F;Kyina Diamond Mine;RUS;01-06-1999;CFA 0501-1264644 V0701;131699;RUS;;
131866;F;Bijou vom Treppchen;MCO ds 23;...;SRV 004535-1;108033;MCO es 23;;
131891;F;Esther v. Hirschbach;RUS;...;1.DEKZV 262743;73376;RUS;;
132769;M;Gibus de la Malepeyre;SBI d;...;LOPF 10676 TEX;132768;SBI d;;
133104;F;Goriakis Mabrouka;SPH n 02;...;BKKV 023-0199;107840;SPH a 09 21;;
133169;F;Spellbound Beamers;EXO n 03 23;...;CFA 7793-1144153;90050;EXO n 23;;
133171;M;Willafred's Quark;PER n 22;...;CFA 0144-1136751;66393;PER n 22;;
134389;F;Acadia v. Langstteich;MCO ns 09 22;...;1.DEKZV 214039;22377;MCO ns 09 23;;
134685;F;FIN*Bluestream's Omaira;SOM o;06-11-1998;SRK RX 20893;83504;SOM o;;
134950;F;Four Paws Silver Maze of Thunderpaw;MCO ns 23;...;ACA 80717-2;144394;MCO ns 09;;
135309;M;Zulu of Koi Pond;MCO as 22;...;DLKEV 1-014461-2;127668;MCO es 09;;
135638;F;Farry-Tail iz Losinogo Ostrova;SIB ny 22;...;SOV 1987/02/Sib;118511;SIB ns 22;;
136047;M;Debonair Mr. Magoo;PER n;...;WCF DE 33344;158906;PER e 03;;
136074;M;Joykatz Zanzibar of Stonehenge;BEN n 24;02-04-1999;TICA SBT 040299 035;87943;BEN n 24;;
136075;F;Abundadots Athena of Stonehenge;BEN n 24;11-02-1999;TICA SBT 021199 033;129710;BEN n 24;;
136670;F;Tekanewa's Charity;MCO fs 22;...;TICA CU MC110999 001;110402;MCO ds 22;;
136758;F;Tetonpeaks Tiger Tail of Sunbright;BEN n 22;20-11-1993;TICA SBT 112093 004;87937;BEN n 22 33;;
136802;M;Okonor Enyvestalp;SIA a 21;...;MMOE LO 67100;34529;SIA c 21;;
136810;M;Springfield's Don Juan;MCO n 22;...;FE.L95.MC.053.1;114490;MCO ns 22;;
136895;F;FIN*Mi-Amor Dona Jo'Anna;ABY n;08-09-1994;SRK LO 17177;77493;ABY o;;
137016;M;Asturia's Winnie Pooh;TUV e 62;...;WCF DE 50680;137011;TUV d 62;;
137061;F;Like A Tiger Lidérc;OSH n;...;MOE 13641;134640;OSH a;;
137062;M;Okonor Charmelot;SIA b;...;MMOE LO 78280;163507;SIA w 67;;
137101;F;Langstteich's Kissymae;MCO n 22;04-11-1999;RCC 00034 Bd. III;105031;MCO n 09 22;;
138338;F;Capodicapi Valentine of Staatz;PER g 03;04-11-1989;CFA 0119-597474 V0891;6594;PER a 03;;
138401;M;Tehy Avanti of Old Castle;PER n 03;12-07-1995;CFA 1108-1040250 V0896;80161;PER d 03;;
138402;F;PaJean's Pickles of Wattkatz;PER g 03;16-07-1994;CFA 0119-952640 V1095;97924;PER e 03;;
140120;F;Selection Celestial's Joyce;PER f;24-05-1995;CFA 0055-1135562 V0897;67016;PER w 62;;
140594;F;Bruvankedi Alanya;TUV f 62;...;GCCF CSREF 448478KE;108781;TUV d 62;;
141247;F;Morningsun Taracaia;MCO n 22;...;(DE)TCC MC 161201 03;109465;MCO a 22;;
142871;M;Monty Phyton v. Trambamboli;SBI c;...;1.DEKZV 241182;142867;SBI b;;
142928;M;Silmarilions Finrod;RAG a 04;...;BEC 80798012;117358;RAG a 03;;
143905;F;Langstteich's Ca'Grafitti Girl;MCO f 09;...;RCC 993996 Bd.;86452;MCO n 09 22;;
144456;M;Lel Veschiy Son;SIB d 22;...;MCCS-003/SIB/99;144455;SIB d 22;;
144486;M;Ryny De L'Iris Doree*F;...;...;WCF LOISCC 69057;144503;...;144504;...
144497;M;Blue Eye's Uncle Sam;SBI a;...;1.DEKZV RX 225385;90015;SBI a 21;144493;...
144500;M;Amor Blue Starlets;SBI b 21;...;1.DEKZV LO 287116;144491;SBI c 21;144492;...
144506;F;Queenie van de Edelhof*NL;SBI b;...;WCF LOI SCC 56195;143659;SBI a;144505;...
144533;F;Scarlett of Atreides;MCO f 22;...;CU-MC110999 006;144532;MCO ns 22;;
145032;M;King of Lion's D-Kamaikel;MCO d 09 22;...;DRKV 1819;115874;MCO n 09 22;;
146241;F;Alexandra;SBI n;...;SVERAK LO 59576;1374;SBI b;;
146527;M;Blackmoon's Cheers Sylvester;MCO n 22;...;KVL 96-079-1166-5;104986;MCO n 23;;
146674;F;Samoa Gems Y2Kay of Russicurl;ACL f 33;...;WCF AB-004/ACR/2000;146672;ACL n;102965;...
146715;M;Curls Fantasy's Nemo;ACL ns 11;...;BCF ACS.0612-058;146714;ACL a 22;102965;...
147786;M;Kaiwara Alaka`I;RAG d 03;...;NZCF LH 8984 A;117553;RAG n 04;;
148104;M;King of Lion's A-White Panther;MCO w;...;LIR 7000;107885;MCO w 62;;
148118;M;Slegde Hammer Be an Angel of Crazy Magic;MCO n 23;...;KOSCHKA 99-MC-2104-4;142833;MCO n 23;;
148966;F;Belmini's Julia Roberts;NFO a 09 22;...;DE 51912;148964;NFO ns 09 23;;
149451;M;Bootus Adagio;SIB n 24;...;KC 067/2006/SIB;125934;SIB n 22;;
150385;M;AmericanBeautys Mephisto of Baydar;MCO d 22;...;TCC ZBT MC 31030406;136178;MCO d 22;;
151939;F;Carfa Shon Aquilla;TUA f;...;NCT 2005-2444;151938;TUA w 63;;
152007;M;Starbushway's Flamenco;MCO ds 22;...;WACC RVDE 01052236;130310;MCO ns 09 23;;
152285;M;Nalle Bjorn de LaFayette;MCO n 22;...;(SE)SVERAK LO 166993;143711;MCO n 22;;
154704;F;Margaret Silver Grey;SIB ns 23;...;EPK No20/1994 VRT SPb;154703;SIB ns 09;;
154706;F;Moya Sharlotta;SIB g 09;...;EPK No21/1998 VRT SPb;154705;SIB n 09 23;;
156110;M;Herkules von Sultanhani*CH;TUA d 23;...;(CH)FFH LO 55315;156109;TUA e 23;;
156383;F;of Moonlight Cat's Noringee;MCO n 22;...;Felina e.V. 09073879;156382;MCO n;;
157632;M;Benedikt vom Rehberg;PER a 03;...;ACE 86 062;162863;PER w 62;;
158200;F;Blue Hurricane's Fiona;BSH a;...;Felina 09069698;114927;BSH w 62;;
158201;M;Starlight's Hannibal;BSH a;...;DRU 220402 bd.21;81910;BSH a;;
159769;F;Wei Haj We Kia Marie;CRX n 01 33;...;CFA 0971 1454551;159768;CRX w 63;;
159922;M;Magikaby Hellrazer of Nightmist;ABY n;23-03-2000;CFA 0360-1459479 V0204;121990;ABY n;159921;...
160186;M;Dermond de Maison de Fan de Rex;CRX a 23;...;AR CRX/93-33;45389;CRX e 23;;
160259;F;Purrsimo Angelina;BSH b 33;...;GCCF CSSR 337003;95748;BSH b 33;;
160306;F;FIN*Kattilan Silver Quick;OSH ns 25;...;SRK RX 23360;91004;OSH n 25;;
160344;F;Purrisimo Angelina;BSH b 33;...;Kat ID: 312995;95748;BSH b 33;;
160416;F;Gemelina Feona;PEB b;...;(RUS)KTF 00066/01-PBD;160410;PEB b;;
160710;F;Nikkita v. Zigeunerboden;BSH a;...;A-ÖVEK-LO-9910955;140371;BSH c;;
160727;M;Iroquis of the Magic Circle;BSH c;...;BKK 10400/98 Bd.C;160147;BSH c;;
160728;F;Penelope von der Stolzenburg;BSH a;...;DEKZV LO 278557;116672;BSH a;;
160731;F;Walnut of the Magic Circle;BSH c;...;(D)BKK 10804/2000 Bd.C;129274;BSH c 03;;
160740;F;Purringwood's Storm Warning;PER f;...;CFA 3047-507887;66382;PER n;;
160741;F;Sandilair's Sheer Bliss of Caress;PER g 33;...;CFA 3289-486050;50136;PER n 33;;
160742;M;Sandilair's Sealed With a Kiss;PER n 33;...;CFA 3272-561178;50136;PER n 33;;
160743;F;Adamsin Alterglans of Boleyn;PER d 33;...;CFA 3279-1049780;28789;PER d 33;;
160745;F;Prancenpaws Dolli of Franklina;PER g;...;CFA 3051-922711;32333;PER a 33;;
160805;M;Ali' Baba' Bandolero;PER n 33;...;LOI 62372;32761;PER d 33;;
160873;F;Debonair Paloma Picasso;PER f 03;...;WCF DE 30183;158906;PER e 03;;
161050;F;ID/ Spirit Color Rainbow Lady;SIB e 09;...;APO 42904 043;161043;SIB ns 09 21;;
162866;M;Caesar v. Armarganth;PER b;...;SDRV 05001499;73302;PER b 33;;
163115;F;Kimlai Siilversilk;BUR c;...;(AUS)V 16995;110098;BUR n;;
163116;M;Saliken Kiakaha;BUR n;...;(AUS)V 17756;110098;BUR n;;
163303;F;Lana Paradiz of Tidgi;CRX f 03;...;(RU)ARCCA RX 16036;160182;CRX n 03;;
164164;M;Damian v. Waltprugele;BSH c;...;GdK 15961-2;164161;BSH a;;
164732;F;Brettachtal's Chichinou;PER ns 11;25-10-1998;CFA 0133-1433019;105483;PER ns 12;;
164745;F;Snowbright Snowcharmer;BEN n 24 33;...;GCCF CSEXP 501623;164743;BEN n 22 33;;
165051;F;Larix's Belief in VIP;PER e 23;01-01-2001;CFA 3055M-1345364 V1202;165052;PER e 21 33;165047;...
165056;F;Naplemente Santuzza;PER g 33;08-07-1996;CFA 3277-1252249 V0701;68417;PER a 33;;
165235;F;Voila Touch of Joy van Anubis;SPH n 09 21 33;...;SNVK 98-10-053K;165252;SPH n 21;;
165522;F;Brettachtal's Serenade;PER ns 12;16-06-2001;CFA 0131-1461382 V1003;133204;PER ns 12;;
167143;F;La Chatte Aourire Anna;BSH ns 22 62;...;NCT 967253;116675;BSH ns 22 64;;
168002;M;Nile Babies Feliz Dodge;MAU ns;20-10-2003;CFA 0846-1498228 V1204;167997;MAU ns;;
168064;F;Helina von der Fuchskaute;ABY n;19-05-2009;FD LO 157697;168058;ABY n;;
168139;F;Missionhill Celestial Triumph;PER ns 11;25-04-2000;CFA 3033-1299602 V0801;66924;PER ns 11;;
168369;F;Rocky vom Wolkenstein;EXO a;...;WACC RVDE 01037994;168368;EXO a 03;;
168371;M;Debonair Bentley;PER n 02 62;...;DE 35047;168363;PER d 02 21 62;;
168476;M;DK MissCat Moulin Rouge;SOM os;30-09-2009;FD LO 157888;164203;SOM ns;;
168477;F;DK MissCat Miss Ivy;SOM ns;30-09-2009;FD LO 157889;164203;SOM ns;;
168478;F;Cascina-Felice Von Rigi's;BSH a 33;...;(DE)DEKZV 201647;168480;BSH b 33;;
168479;F;Bharathi's Salima;BSH b 33;...;(DE)DEKZV RX 259718;95755;BSH b 33;;
168727;M;Amadeo of Elfin Delight;DRX e 09;...;BKKV 040.0602;168726;DRX w;;
168905;M;Lavrentiy Vasilievich Alexander-Fred;KBL ns;...;(RUS)AB-034/KBT/2001;159548;KBL ns 22;;
169512;M;LV*Elegant Style Flibustier;SIA c 21;...;LV.CFCA.LO.0167;169511;SIA e 21;;
171728;F;Dolly Pepper of Captain Jenk's;MCO f;...;KVL-02-000749/2004-w;171727;MCO d 22;;
172584;F;Astra;EXO f;...;(LV)CFCA RX 129;78586;EXO n 22;;
172987;F;Differences Cicciolina;ABY n;...;LOOF 2007.4271;174068;ABY n;;
173381;M;Rolly;PER f 33;10-05-2002;CFA 0056-1483106 V0509;173380;PER n 33;;
174479;F;Lilly of the Guilty Clan;MCO ns 22;...;NKV MCO.0404.8231;153238;MCO ns 22;;
174612;F;D*Petsy aus der Homburgstadt;BSH a;...;GdK-01-001494/1.04-w;174609;BSH c;;
175284;M;Purrboxes Ghost Story;PER w 61;13-11-2003;CFA 3000-1587433 V1006;166504;PER d 21 33;;
175324;M;Maine Coon Dynasty's Touch Down;MCO n 23;...;KFG 01-3546/02-m;144598;MCO n 22;;
175328;M;Maine Coon Dynasty's Golden Shadow;MCO n 22;...;KFG 01-3648/02-m;144598;MCO n 22;;
175390;M;Fabuls Chippendale Dancer;PER n 03;31-10-2000;Kat ID: 328065;135168;PER d 03;;
175624;M;Narcissus Panna*PL;SIB a 09;...;(PL)SHKRP RX 1946;175623;SIB e;;
177802;F;El Shahib's Santana (II);PER ns 23 62;21-08-2001;CFA 0057-1538848 V0905;177803;PER ns 03 23;;
177803;M;El Sahib's Minos;PER ns 03 23;09-11-2003;CFA 3132-1538848;80163;PER d 03;;
178421;M;Romeo From Merry Toy Cat*LV;SPH n;20-09-2008;(LV)MC LO 4385;178418;SPH n 03;178420;...
178690;F;Allegria Ballerina Aomori, CZ;BSH a 24;...;(CZ)CSCH LO 171/99/BRI;178697;BSH c;;
180159;M;Xahar-Chocolate von Tonkay;BSH b;...;(D)DEKZV RX 227200;92215;BSH b;;
180175;F;Grand Oray Tsokotukha;SPH f 03 21;...;(RU)ANON SPH/01-262;175714;SPH d 09;;
181195;M;Yaros of Stylecat;KBL d 03 22;...;(RU)AB-K-259/KBT/2006;181194;KBL d 03;;
181499;F;Charli;SIB f 03 23;...;(RU)ALISA 862(1955C)04SIB;181738;SIB n 03 23;;
181866;M;Genpaw Up N Adam of Sandy-B;PER n 03 22;...;CFA 1142-1267310;129629;PER d 03;;
181889;M;(N)Tojo Polaris Ulrik Herkenhoff;MCO a 03;...;(N)NRR LO 147617;128281;MCO a;;
181921;F;Classicalcats Amaunet of Vandvis;SPH n 03;...;TICA SBT 081304 030;181916;SPH n 09;;
181967;F;Loralyn's Calypso;PER f 33;19-04-2003;CFA 3293-1448168;92767;PER n 33;;
182340;F;Hannah of Coco Island;SBI g;...;(D)DE 41024;62518;SBI n;;
182394;F;D'Eden Lover Faradiba;EXO f;...;CFA 7747-1523646;168864;EXO e 24;;
182699;M;Lidner's Like;TUV d 62;...;(DE)TCC ZBT TV 150506009;182671;TUV d 62;;
183598;M;EST*Akim Klimov Alexander-Fred;KBL ns 03 24;...;(EE)EKL RIEX 3345;172817;KBL n 02;;
183599;F;Amurka Alexander-Fred;KBL ns 22;...;(EE)EKL RIEX 2571;159548;KBL ns 22;;
183658;F;The Catwalk Miranda of In Style;PER w 62;...;CFA 0103-1463791;169297;PER w 62;;
184136;F;Bonny Sue vom Emstal;MCO f 23;...;BPK N 029;120287;MCO es 09 11;;
186104;M;Alex vom Quelleberg;BSH e;...;(PL)SHKRP LO 3210;186103;BSH a;;
186438;F;S*Åsalunds Klytamnestra;BUR n;27-11-2004;(SE)SVERAK LO 205165;125396;BUR n;;
186751;M;Zigfrid;KBL d 23;...;(RU)QD 036/06/KBT;172824;KBL d 03 22;;
186752;F;Lynx Standart Victory;KBL f 23;...;(RU)VRL 074/2007/KBL;172824;KBL d 03 22;;
186973;F;Liucija iz Izidos Sventoves;SPH d 02;...;(RU)SPH/03-E10810;186924;SPH d 09;;
191779;M;Vincent G v. Beni Mellal;SIA c;...;(DE)DEKZV LO 308312;82263;SIA c;;
191780;F;Emma z. Alten Ziegelei;SIA a;...;(DE)DEKZV LO 312115;114542;SIA n;;
193055;F;Lej'Haim Bonjour Karine;PER ns 12;03-12-2004;CFA 0131-1570036 V0706;193047;PER ns 12;193054;...
194251;F;Moulin De Crecy Showgirl;MCO ns 09 23;...;Missing Info (174);146053;MCO ns 09 22;194250;...
194258;M;Coontastic Busby Babe;MCO ns 09 22;...;GCCF CS 735377;194252;MCO ns 09 22;194245;...
195480;F;Keeza Minou Violette;BUR h;...;(AUS)CFA 07N158777;182013;BUR d;;
205763;M;Harlequin;DSP n 02;...;(FU)FAKK-DSX/2010-1224;205761;DSP n 03;;
211729;M;Kayros Pride Nicki;BSH ns 11;22-01-2013;RU-164-011-2013-099-LO-BRI;211712;BSH ns 11;211728;...
