159545;F;Grusha Alexander-Fred;KBL f 03;...;AB-015/KBT/2000;;;166034;KBS f
159546;M;Ilia Alexander-Fred From  Kurilian Country;KBL ds 03 22;...;AB-042/KBT/2002;166032;KBL ds 22;166033;KBL ds 22
159547;F;Bella;KBL ns 23;...;KBT/357-2000;;;;
159548;M;Vasiliy Alexander-Fred;KBL ns 22;...;(RUS)AB-010/KBT/2000;168914;KBL n 22;168915;KBL ns 23
159549;F;Lacky;KBL ns 22;...;AB-S-001/KBT/2002;;;;
159550;M;Semion;KBL n 03 23;...;AB-S-009/KBT/2002;;;;
159551;F;Gerania From Kurilian Country;KBL ds 03;...;(RU)WCF AB-149/KBT/2003;159546;KBL ds 03 22;159545;KBL f 03
159552;M;Schastlivchik Frant;KBL d 03 23;...;(RU)WCF AB-001/2000/KBT/Ex;102964;...;102965;...
159553;F;Lizaveta Vasilievna Alexander-Fred;KBL ns 22;...;WCF AB-035-KBT/2001;159548;KBL ns 22;159547;KBL ns 23
159554;M;Kuzma of Alexander-Fred;KBL ns 24;...;WCF AB-085/KBT/2002;159550;KBL n 03 23;159549;KBL ns 22
159555;F;Chervona Ruta From Kurilian Country;KBL ds 03 23;...;WCF AB-177/KBT/2004(1);159552;KBL d 03 23;159551;KBL ds 03
159556;M;Dorofey Kuzmich Alesander-Fred;KBL ns 24;...;WCF AB-115/KBT/2004;159554;KBL ns 24;159553;KBL ns 22
164436;F;Chervona Ruta From Kurilian Country;KBL ds 03 23;...;WCF AB-177/KBT/2004;159552;KBL d 03 23;159551;KBL ds 03
164438;M;Martin Sweet Dreams;KBL d 23;...;KBT 005/03;;;;
164439;F;Serafima Eridan of Kroshka Flack;KBL d 22;...;AB-K-082/KBT/2003;;;;
164440;M;Lel Kroshka Flak;KBL d 22;...;(RU)AB-K-312/KBT/2004;164438;KBL d 23;164439;KBL d 22
164443;M;Billy Amylet Cat;KBL n 03;...;AB-K-317/KBT/2006;164440;KBL d 22;164442;KBL f 03
164444;F;Dushechka Kurilkot;KBL fs 01 21;02-05-2008;FD RX 155785;164443;KBL n 03;159555;KBL ds 03 23
166026;F;Fantazia from Kurilian Country;KBL f 22;...;AB-143/KBL/2004;;;;
166027;M;Zatevay from Kurilian Country;KBL n 09 23;...;(EST)EKL RX 3975;172824;KBL d 03 22;172827;KBL fs 03 24
166028;F;Veresena from Kurilian Country;KBL f 24;...;WCF AB-K-337/KBT/2004;166027;KBL n 09 23;166026;KBL f 22
166030;M;Capitan Kurilkot;KBL n 22;...;CFB RIEX 08/20080011;159556;KBL ns 24;168067;KBL f 22
166031;M;Ataman Kurilkot;KBL d 24;03-09-2008;FD RX 156390;166030;KBL n 22;164436;KBL ds 03 23
166032;M;Innokentiy;KBL ds 22;...;KBT/350-00;;;;
166033;F;Alisa;KBL ds 22;...;KBT/289-99;;;;
166034;F;Juel Valfris Alexander-Fred;KBS f;...;AB-003/KBT/99;;;;
166659;M;Kras Dolgiy Luch;KBS ny 23;...;1.DEKZV 306730;;;;
166660;M;K'sav Forbarra Barrayar;KBL a 23;...;(EE)EKL RX 2664;;;;
166662;M;Heops Eridana;KBL d 09 22;...;WCF AB-134/KBT/2004;166659;KBS ny 23;166663;KBL d 03 22
166664;M;Charcoal Catcher Barrayar;KBL a 23;...;(EST)EKL RX 3088;166660;KBL a 23;166661;KBL ns 24
166665;F;Jessenka Eridana;KBL d 09 22;...;1.DEKZV 323539;166662;KBL d 09 22;166663;KBL d 03 22
166666;F;Kannika Trinity Ketoi;KBL f 24;...;(CZ)CSCH RX 9/6/KBL;166664;KBL a 23;166665;KBL d 09 22
166667;F;Sonya;KBS n 22;...;(RUS)AB-010/KBT/01;;;;
166668;M;Vasiliy Alexander-Fred;KBS ns 22;...;(N)NRR RX 147273;168914;KBL n 22;168915;KBL ns 23
166669;F;Ursa Vasilievna Alexander-Fred;KBS ns 22;...;(D)DEKZV 306447;166668;KBS ns 22;166667;KBS n 22
166670;M;Admiral Matrosskin Barrayar;KBS n 24;...;(RUS)AB-043/KBT/2002;166659;KBS ny 23;166667;KBS n 22
166671;M;Che Guevara Barrayar;KBL n 23;...;(D)DEKZV RX 306448;166670;KBS n 24;166669;KBS ns 22
166672;F;Fiona v. Matrosoff;KBL f 22;...;(N)NRR RX 149475;166671;KBL n 23;166666;KBL f 24
166673;M;EST*Tamerlan Karmino Cat;KBL n 03;...;(N)NRR RX 149222;166027;KBL n 09 23;172812;KBS f 03
166674;M;(N)RGJ Cat's Jenisey;KBL n 09 23;05-12-2008;FD RX 156805;166673;KBL n 03;166672;KBL f 22
167000;F;Babochka Kurilkot, DSM, DVM;KBL f 24;...;(N)NRR RX 147187;159556;KBL ns 24;159555;KBL ds 03 23
167001;F;(N)RGJ Cat's Konoplja;KBL n 24;14-12-2008;FD RX 156980;166673;KBL n 03;167000;KBL f 24
168065;F;Broshka Kurilkot;KBL fs 09;...;CFB RIEX 06/20060499;159556;KBL ns 24;159555;KBL ds 03 23
168066;M;Zinoviy Alexander Fred;KBL d 09 22;...;WCF AB-035/KBL/2001;200680;KBL d;168379;KBL d 09 22
168067;F;Malinka From Kurilian Country;KBL f 22;...;CFB 170306 019/KBL;168066;KBL d 09 22;166028;KBL f 24
168068;F;Elena Kurilkot;KBL ns 22;05-06-2009;FD LO 157698;166030;KBL n 22;168065;KBL fs 09
168377;F;Duniasha Kurilkot;KBL fs 24;02-05-2008;CFB Riex 08/20080470;164443;KBL n 03;159555;KBL ds 03 23
168378;F;BE*Bulochka Kurilkot;KBL f 24;27-08-2009;FD LO 157846;166030;KBL n 22;168377;KBL fs 24
168379;F;Uta of Barrayar;KBL d 09 22;...;(RU)S.AB-005/KBT/01;;;;
168757;F;(N)RGJ Cat's Marfusha;KBL f 09;22-06-2009;(DK)FD RX 158132;166673;KBL n 03;166672;KBL f 22
168905;M;Lavrentiy Vasilievich Alexander-Fred;KBL ns;...;(RUS)AB-034/KBT/2001;159548;KBL ns 22;;
168906;F;Umka Vasilievna Alexander-Fred;KBL ns 22;...;(EST)EKL RX 2607;159548;KBL ns 22;166667;KBS n 22
168907;M;Zigfrid ForBarra of Barrayar;KBL ns 22;...;(RUS)AB-046/KBT/2003;168905;KBL ns;168906;KBL ns 22
168914;M;Logan z Lrbiajiego Ozera;KBL n 22;...;WCF AB-016/KBT/99;176029;KBL n;168915;KBL ns 23
168915;F;Silva Grey Ona;KBL ns 23;...;(RUS)M3KK-018/KBT;;;;
168939;F;DK Silky Catz Strawberry;KBL d 09 23;19-11-2009;(DK)FD LO 158205;166674;KBL n 09 23;164444;KBL fs 01 21
168940;F;DK Silky Catz CherryBerry aka Dotti;KBL f 02 21;19-11-2009;(N)NRR RX 159582;166674;KBL n 09 23;164444;KBL fs 01 21
169153;F;Kasatka of Barrayar;KBL d 23;...;(RUS)AB-S-009/KBT/2004/KB;;;;
169154;F;Paraskeva Barrayar;KBL d 23;...;(CZ)CSCH RX 10/6/KBS;166670;KBS n 24;169153;KBL d 23
169155;M;Amur Amulet Cat;KBL d 22;...;(CZ)CSCH RX 11/6/KBL;164440;KBL d 22;164442;KBL f 03
169156;F;Chili Agharta, CZ;KBL d;...;(CZ)CSCH RX 1/8/KBS;169155;KBL d 22;169154;KBL d 23
169157;F;Jasenka Eridan;KBL d 09 22;...;(CZ)CSCH LO 3/5/KBL;166662;KBL d 09 22;166663;KBL d 03 22
169158;M;Michael Matua, CZ;KBL n 03;...;(CZ)CSCH RX 4/8/KBL;166664;KBL a 23;169157;KBL d 09 22
169161;F;Arina Eridan;KBL d 03 22;...;(RUS)AB-089/KBT/2003;;;;
170158;F;DK Amorito's Guns 'n' Roses;KBL fs 24;03-05-2010;(DK)FD RX 158839;169158;KBL n 03;167001;KBL n 24
172629;M;DK Amorito's Kurt Cobain;KBL d 09 22;07-08-2010;(DK)FD RX 201125;166031;KBL d 24;168757;KBL f 09
172630;M;DK Amorito's Elvis Presley;KBL n 22;07-08-2010;(DK)FD RX 201126;166031;KBL d 24;168757;KBL f 09
172631;M;DK Amorito's Michael Jackson;KBL n 24;07-08-2010;(DK)FD RX 201127;166031;KBL d 24;168757;KBL f 09
172632;F;DK Amorito's Lady Gaga;KBL d 09 22;07-08-2010;(DK)FD RX 201128;166031;KBL d 24;168757;KBL f 09
172633;F;DK Amorito's Madonna;KBL d 09 22;07-08-2010;(DK)FD RX 201129;166031;KBL d 24;168757;KBL f 09
172634;F;DK Amorito's Beyonce;KBL d 09 23;07-08-2010;(DK)FD RX 201130;166031;KBL d 24;168757;KBL f 09
172812;F;Aksinja Fet Robinzon;KBS f 03;20-01-2005;(EST)EKL RX 3509;181372;KBL n 09 24;;
172813;F;Beriozka of Barrayar;KBS g 03 22;...;(EE)EKL RX 2991;;;;
172814;M;Rostislav Forbarra of Barrayar;KBL a 03 23;11-10-2003;(RU)WCF AB-005/KBT/2004;166660;KBL a 23;172813;KBS g 03 22
172815;M;Vityaz iz Malutka Bob;KBS n 03 22;26-08-2004;VU KBSE 268-04;102964;...;102965;...
172816;F;EE*Milana Barrayar;KBS ns 03 22;15-01-2007;(EE)EKL RX 3737;172815;KBS n 03 22;168906;KBL ns 22
172817;M;Klim Alexander-Fred;KBL n 02;...;(RU)ARCCA RX 15186;;;;
172818;F;Arisha Alexander-Fred;KBL d 03 24;...;(RU)ARCCA RX 15187;;;;
172819;F;Tihomira from Kurilian Country, DM;KBL f 03;01-12-2003;(LV)CFCA RX 551;172817;KBL n 02;172818;KBL d 03 24
172820;M;Baileys Be Original Superbob*RU;KBL d 03 23;13-12-2006;(RU)ARCCA RX 24935;172814;KBL a 03 23;172819;KBL f 03
172821;F;EE*Pallada Barrayar;KBS f 03 22;12-07-2008;(EE)EKL RX 4522;172820;KBL d 03 23;172816;KBS ns 03 22
172822;M;Antey;KBL d 09 22;...;FAE KBT/99-6-64;;;;
172823;F;Tessa Naihoro;KBL n 22;...;KM KBT/111-99;;;;
172824;M;Antey Almaz;KBL d 03 22;...;FFAE KBT/2000-116-169;172822;KBL d 09 22;172823;KBL n 22
172825;M;Zorro ForBarra Alexander-Fred;KBL d 03 22;...;(RU)ARCCA RX 15841;;;;
172826;F;Alsu Kroshka Flack;KBS fs 03 24;...;(RU)ARCCA RX 16816;;;;
172827;F;Boyarinya Kroshka Flack;KBL fs 03 24;...;AB-035/KBT/2002;172825;KBL d 03 22;172826;KBS fs 03 24
172828;M;Zatevay Kurilian Country;KBL n 03 23;25-12-2003;(EE)EKL RX 2864;172824;KBL d 03 22;172827;KBL fs 03 24
172829;M;EE*Teodor Karmino Cat;KBL d 03 23;18-03-2007;(EE)EKL RX 3828;172828;KBL n 03 23;172812;KBS f 03
172830;F;EE*Extasy Karmino Cat;KBL f 03;02-05-2010;(DK)FD RX 201253;172829;KBL d 03 23;172821;KBS f 03 22
172941;M;Shuryan Banzai;KBS n 02 21;...;(RU)AROOLK 037/98/KBS;;;;
172942;F;Lala Banzai;KBS ny 22;...;(RU)AROOLK 016/97/KBT;;;;
172943;M;Imax Banzai;KBS ny 03 22;...;(RU)AROOLK 357/92/KBT;172941;KBS n 02 21;172942;KBS ny 22
172944;M;Fester of Adams;KBS n 03 23;...;(RU)OIIK 024/98/KUB;;;;
172945;F;Oridginal Double Whisky;KBS f 23;...;(RU)EHK 016/99-01 A-E KS;;;;
172946;F;Wild Cat Babetta;KBL f 23;...;(RU)EHK 007/03;172944;KBS n 03 23;172945;KBS f 23
172947;F;Gloriya Bastet Bob;KBS n 03 24;...;(RU)AROOLK 531/05/KBS;172943;KBS ny 03 22;172946;KBL f 23
173271;M;DK Silky Catz Black Russian;KBL n 09;15-09-2010;(DK)FD RX 201491;166674;KBL n 09 23;168378;KBL f 24
173272;F;DK Silky Catz Daquiri Darling;KBL n 09 22;15-09-2010;(DK)FD RX 201492;166674;KBL n 09 23;168378;KBL f 24
173273;F;DK Silky Catz Cosmopolitan;KBL n 09 22;15-09-2010;(DK)FD RX 201493;166674;KBL n 09 23;168378;KBL f 24
173817;M;Ratibor Alexander-Fred;KBL ns 22;...;(RU)ARCCA RX 15207;173835;KBL ns 24;173836;KBL n 23
173818;F;Paulina Timofeevna From Siberiafrost;KBL n;...;(RU)ARCCA RX 15213;173837;KBL n;173838;KBL n
173819;M;Prokhor Siberiafrost*RU;KBL ns 22;...;(LV)CFCA RX 225;173817;KBL ns 22;173818;KBL n
173820;M;Barhan Mysterious Island;KBL n 03 24;...;(RU)WCF AB-K/371/KBT/2007;173839;KBL n 22;173840;KBS f 03 23
173821;F;Lynx Standart Miracle;KBS n 24;...;091/03 OPK/KBS;173842;KBS n 03 24;173841;KBL f 03 23
173822;F;Wild Russian Pushinka;KBL n 03 23;...;(LV)CFCA RX 325;173820;KBL n 03 24;173821;KBS n 24
173823;M;Puika Baltais Tigeris;KBL ns 24;19-10-2007;(LV)CFCA RX 326;173819;KBL ns 22;173822;KBL n 03 23
173824;M;Lynx Standart Matador;KBS n 03;...;(RU)EPK-012/03/KBL;;;;
173825;F;Lynx Standart Galatea;KBS ny 03 24;...;(RU)EPK-KUB 224/02-03 A-E-KET;;;;
173826;M;Lynx Standart Blagovest;KBL n 23;...;(RU)VRL 010/2006/KBL;173824;KBS n 03;173825;KBS ny 03 24
173827;F;Zlatislava Almazovna;KBS d 24;...;(RU)QD-038/06/KBT;;;;
173828;F;Shkoda;KBL f 23;...;(RU)QD-047/06/KBT;;;173827;KBS d 24
173829;F;Lynx Standart Princessa;KBL f 24;08-06-2007;(LV)CFCA RX 395;173826;KBL n 23;173828;KBL f 23
173830;M;LV*Baltais Tigeris Ciceron;KBL es 23;21-10-2008;(LV)CFCA LO 3314;173823;KBL ns 24;173829;KBL f 24
173831;F;(N)RGJ Cat's Glasha;KBL n 24;21-03-2008;(LV)CFCA RX 550;166673;KBL n 03;167000;KBL f 24
173832;F;Geisha Golden Look*LT;KBL fs;27-05-2010;(DK)FD LO 201901;173830;KBL es 23;173831;KBL n 24
173833;F;Fendi Golden Look*LT;KBL fs 24;17-04-2010;(DK)FD LO 201902;173830;KBL es 23;173834;KBL n 24
173834;F;LV*Baltais Tigeris Brukne;KBL n 24;24-04-2008;(LV)CFCA RX 355;173819;KBL ns 22;173822;KBL n 03 23
173835;M;Timofey Vasilievich Alexander-Fred;KBL ns 24;...;(RU)ARCCA RX 15205;;;;
173836;F;Serafima Vasilievna Alexander-Fred;KBL n 23;...;(RU)ARCCA RX 15206;;;;
173837;M;Teema;KBL n;...;(RU)ARCCA RX 15208;;;;
173838;F;Zena;KBL n;...;(RU)ARCCA RX 15212;;;;
173839;M;Potar Kuril'skoe Sokrovische;KBL n 22;...;(RU)KBT/0609/04/C;;;;
173840;F;Liliana Iturup;KBS f 03 23;...;(RU)BB-03/04/KBS;;;;
173841;F;Fossie-Bossie Lynx Standart;KBL f 03 23;...;(RU)EPK-026/98-A-E-KET;;;;
173842;M;Lynx Standart Gulllian Goldilocks;KBS n 03 24;...;(RU)EPK-226/02-A-E-KET;;;;
175646;F;Chara Bastet Bob;KBL ny 22;14-07-2010;(DK)FD RX 202952;172943;KBS ny 03 22;172947;KBS n 03 24
175761;F;Hrista From Kurilian Country;KBL ds 03 23;...;(RU)WCF AB/173/KBT/2004;159552;KBL d 03 23;159551;KBL ds 03
175762;M;Nikola Eridan From Alexander-Fred;KBS d 24;...;(RU)WCF AB/145/KBT/2003;;;;
175763;F;Uliana Vasilievna of Alexander-Fred;KBS ns 22;...;(RU)WCF AB/028/KBT/2001;;;;
175764;M;Xaritoshka Alexander-Fred;KBL ns 22;...;(EET)EKL RX 3065;175762;KBS d 24;175763;KBS ns 22
175765;F;Krasotka Alexander-Fred;KBL fs 03 24;...;(EE)EKL RX 3845;175764;KBL ns 22;175761;KBL ds 03 23
175766;M;Black Robinzon of Alexander-Fred;KBL n;...;(EE)EKL RX 3564;;;;
175767;M;Dar Seniyor Magic-Murr;KBL d 03 23;17-06-2009;RU-0165-13-149-RIEX-KBL-2009;175766;KBL n;175765;KBL fs 03 24
175768;M;Miroslav Barrayar*EST;KBL ns 03 22;...;(EST)ELK RX 3793;172815;KBS n 03 22;168906;KBL ns 22
175769;F;Plushka Kroshka Flack;KBL fs 03 23;...;(RU)ARCCA RX 16898;172825;KBL d 03 22;172826;KBS fs 03 24
175770;M;Olmer Barrayar*EST;KBL ns 03 22;08-10-2007;(EST)ELK RX 4242;175768;KBL ns 03 22;175769;KBL fs 03 23
175771;F;Blueberry Be Fantasy Superbob*RU;KBL f 03 23;13-12-2006;(LV)CFCA RX 552;172814;KBL a 03 23;172819;KBL f 03
175772;F;Felicia Superbob*RU;KBL ns 02 21;01-12-2008;(LV)CFCA LO 3855;175770;KBL ns 03 22;175771;KBL f 03 23
175773;M;Korzhik Superbob*RU;KBL ns 02 21;09-12-2010;(DK)FD RX 203037;175767;KBL d 03 23;175772;KBL ns 02 21
176026;F;(N)RGJ Cat's Gorislava;KBL n 24;21-03-2008;(N)NRR RX 151336;166673;KBL n 03;167000;KBL f 24
176027;M;(N)Casa Rolla Hippie F;KBL ns 24;...;(N)NRR RX 157405;166668;KBS ns 22;176026;KBL n 24
176028;M;NO*Malekatten Chevy Mako Shark;KBL ns 03 22;20-12-2010;(DK)FD LO 203188;176027;KBL ns 24;168940;KBL f 02 21
176029;M;Aighan Maxi;KBL n;...;(RUS)SFF-2/93/00361;;;187899;KBL n
179137;M;DK Klokmose's Ferrari 458 Italia;KBL d 09 24;12-07-2011;(DK)FD LO 205330;166674;KBL n 09 23;172830;KBL f 03
179138;F;DK Klokmose's Acura Limited Edition;KBL f 03 22;12-07-2011;(DK)FD LO 205331;166674;KBL n 09 23;172830;KBL f 03
179139;F;DK Klokmose's Infiniti FX;KBL n 09 22;12-07-2011;(DK)FD LO 205332;166674;KBL n 09 23;172830;KBL f 03
179140;F;DK Klokmose's Ginetta G40 Junior;KBL n 09 23;12-07-2011;(DK)FD LO 205333;166674;KBL n 09 23;172830;KBL f 03
179141;F;DK Klokmose's Lotus Evora;KBL n 09 23;12-07-2011;(DK)FD LO 205334;166674;KBL n 09 23;172830;KBL f 03
179142;M;DK Klokmose's Alfa Romeo MiTo;KBL n 03;12-07-2011;(DK)FD LO 205335;166674;KBL n 09 23;172830;KBL f 03
179411;M;DK JeaTri's Magtech Magnum;KBL d 24;19-08-2011;(DK)FD LO 205539;172629;KBL d 09 22;173833;KBL fs 24
179412;F;DK JeaTri's Diamond Line;KBL fs 09 24;19-08-2011;(DK)FD LO 205540;172629;KBL d 09 22;173833;KBL fs 24
179413;F;DK JeaTri's Eley Tenex;KBL f 09 24;19-08-2011;(DK)FD LO 205541;172629;KBL d 09 22;173833;KBL fs 24
179414;F;DK JeaTri's Lapua Master;KBL fs 09 24;19-08-2011;(DK)FD LO 205542;172629;KBL d 09 22;173833;KBL fs 24
179415;F;DK JeaTri's Schönebeck Special;KBL d 23;19-08-2011;(DK)FD LO 205543;172629;KBL d 09 22;173833;KBL fs 24
179871;M;DK Amorito's The Boogie Man;KBL n 22;27-07-2011;(DK)FD LO 205865;166031;KBL d 24;175646;KBL ny 22
179872;F;DK Amorito's Mama's Pearl;KBL f 24;27-07-2011;(DK)FD LO 205866;166031;KBL d 24;175646;KBL ny 22
179873;F;DK Amorito's Petals;KBL f 24;27-07-2011;(DK)FD LO 205867;166031;KBL d 24;175646;KBL ny 22
179874;F;DK Amorito's Darling Dear;KBL f 24;27-07-2011;(DK)FD LO 205868;166031;KBL d 24;175646;KBL ny 22
181186;F;Poletta;KBS f 03 23;...;(RU)PKKD 008/2000;;;;
181188;F;Manu;KBS f 03 23;...;(RU)FM RIEX KBT/2002-7;102964;...;102965;...
181189;F;Milly;KBS n 22;...;(RU)FM RIEX KBT/2002-11;181187;KBS n 03 23;181188;KBS f 03 23
181190;M;Leva Iz Grada Levshi;KBL d 09 22;...;(RU)FM RIEX KBT/2006-15;102964;...;102965;...
181191;M;Erofey Kotofeich Iz Grada Levshi;KBL n 22;19-10-2007;(RU)06-2008/KBT/-68;181190;KBL d 09 22;181189;KBS n 22
181192;M;Erofey Zayka;KBL w;...;(RU)KBT/97-101;;;;
181193;F;Hloya Riska;KBL f 03;...;(RU)KBT/2002-445;;;;
181194;M;Charlie;KBL d 03;...;(RU)KBT/2004-651;181192;KBL w;181193;KBL f 03
181195;M;Yaros of Stylecat;KBL d 03 22;...;(RU)AB-K-259/KBT/2006;181194;KBL d 03;;
181196;M;Loky For Barra of Barrayar;KBL d 03 22;...;(RU)AB-045/KBT/2003;;;;
181197;F;Odry ForBarra of Barrayar;KBL n 22;...;(RU)AB-151/KBT/2003;;;;
181198;F;Fubuki Akkari Ainu;KBL f 03 22;...;(RU)AB-214/KBT/2006;181196;KBL d 03 22;181197;KBL n 22
181199;F;Netska Akkari Ainu;KBL f 09 22;04-08-2007;(RU)AB-K-500/KBT/2008;164440;KBL d 22;181198;KBL f 03 22
181200;F;Undina Akkari Ainu*UK;KBL d 03 22;01-12-2008;(RU)RU-0165-13-2008-016-RIEX-K;181195;KBL d 03 22;181199;KBL f 09 22
181201;F;Ainu Makan Amiko;KBL f 09 22;18-07-2011;(DK)FD RX 206711;181191;KBL n 22;181200;KBL d 03 22
181361;M;Afonya Kurilkot;KBL ds 09 22;...;CFB 05/20050219;159556;KBL ns 24;159555;KBL ds 03 23
181362;F;Luna v. Matrosoff;KBL n 22;...;(DE)DEKZV 337210;166671;KBL n 23;166666;KBL f 24
181363;M;Erofey Kurilkot;KBL n;...;(N)NRR RX 165091;181361;KBL ds 09 22;181362;KBL n 22
181364;F;Shalunia Eridan;KBL f 03 23;...;WCF AB-020/KBT/2005;;;;
181365;M;Elizar Eridan;KBL a 22;...;WCF AB-175/KBT/2006;166662;KBL d 09 22;181364;KBL f 03 23
181366;M;Zahariy Alexander-Fred;KBL d 22;...;(RU)ARCCA RX 16797;;;;
181367;F;Nikeya Alexander-Fred;KBL f 03;...;(RU)ARCCA RX 16798;;;;
181368;F;Encanto de Fiera;KBL f 03;20-01-2006;(RU)ARCCA RX 16799;181366;KBL d 22;181367;KBL f 03
181369;F;Bayaderka Free Hunter*RU;KBL f 03 23;22-04-2008;(RU)ARCCA LO 52192;181365;KBL a 22;181368;KBL f 03
181370;F;Chinook Free Hunter*RU;KBL f 03 23;...;(N)NRR RX 159550;172829;KBL d 03 23;181369;KBL f 03 23
181371;M;NO*Tzar Lynx Bingo;KBL n 09 22;21-02-2011;(DK)FD LO 206795;181363;KBL n;181370;KBL f 03 23
181372;M;Fill Robinzon;KBL n 09 24;...;WCF 0136/03;;;;
181461;M;DK Pumelle's Toulouse;KBL n;28-11-2011;(DK)FD LO 206859;166031;KBL d 24;170158;KBL fs 24
181462;M;DK Pumelle's Thomas O'Malley;KBL d 24;28-11-2011;(DK)FD LO 206860;166031;KBL d 24;170158;KBL fs 24
181463;F;DK Pumelle's Duchesse;KBL fs 22;28-11-2011;(DK)FD LO 206861;166031;KBL d 24;170158;KBL fs 24
182154;M;DK Silky Catz Pasodoble;KBL ns 03 22;13-12-2011;(DK)FD LO 208351;181371;KBL n 09 22;168068;KBL ns 22
182155;M;DK Silky Catz Freestyle;KBL ns 03 22;13-12-2011;(DK)FD LO 208352;181371;KBL n 09 22;168068;KBL ns 22
182156;F;DK Silky Catz Cha cha cha;KBL n 22;13-12-2011;(DK)FD LO 208353;181371;KBL n 09 22;168068;KBL ns 22
182157;F;DK Silky Catz Jive;KBL n 22;13-12-2011;(DK)FD LO 208354;181371;KBL n 09 22;168068;KBL ns 22
182158;F;DK Silky Catz Jitterbug;KBL ns 22;13-12-2011;(DK)FD LO 208355;181371;KBL n 09 22;168068;KBL ns 22
182159;F;DK Silky Catz Quickstep;KBL ns 22;13-12-2011;(DK)FD LO 208356;181371;KBL n 09 22;168068;KBL ns 22
182291;M;Lynx Standart Yantar;KBS n 03 22;...;VRL 001/2006/KBS;;;;
182292;M;Lynx Standart Ford;KBL a 09;...;VRL 033/2006/KBL;182291;KBS n 03 22;173841;KBL f 03 23
182293;M;Alex Adams;KBL d 23;...;(RU)EPK KUB 065/20A-E-KET;;;;
182294;M;Boniface iz Sada Raduzhnyh Hrizantem;KBL d 23;...;(RU)ER-10/2001/KBL;186033;KBL n 24;186032;KBL f 23
182295;F;Asya Rys';KBL ds 23;...;(RU)EL.02/KBT/01;;;;
182296;F;Ivanna Tsvetok Iturupa;KBL ds 23;...;(RU)PK.KBLex/034/02;182294;KBL d 23;182295;KBL ds 23
182297;F;Eliza Zhemchuzhina Kuril;KBL f 03;...;(RU)PK.KBL.ex/079/04;;;;
182298;M;Richard Zhemchuzhina Kuril;KBL n 03 23;...;(RU)PK.KBLex/141/07;164438;KBL d 23;182297;KBL f 03
182299;F;Yvette Tsvetok Iturupa;KBL f;20-05-2008;(RU)PK.KBLex/218/08;182298;KBL n 03 23;182296;KBL ds 23
182300;F;Banzay Jaqeline-Melissa of Lynx Standart;KBS ny 22;...;(RU)AKOLJE 241/01/KBT;;;;
182301;F;Lynx Standart Afrodita;KBS f 24;...;(RU)004/03 OPK/KBS;182293;KBL d 23;182300;KBS ny 22
182302;M;Lynx Standart Severin;KBL e 09 24;14-08-2008;VRL 216/2008/KBL;182292;KBL a 09;182301;KBS f 24
182303;F;Brusnika Pride Amour;KBL f 09;13-09-2011;(DK)FD LO 208412;182302;KBL e 09 24;182299;KBL f
183593;M;Bosporus Free Hunter*RU;KBL a 03 23;...;(RU)ARCCA LO 52190;181365;KBL a 22;181368;KBL f 03
183594;F;Hera Superbob*RU;KBL a 03;31-01-2010;(LV)CFCA LO 3926;183593;KBL a 03 23;175772;KBL ns 02 21
183595;M;Urman;KBL d 22;...;(BY)FLNF RX 0592;;;;
183596;F;Arika Akkari Ainu;KBL n 22;...;(BY)FLNG RX 0593;168907;KBL ns 22;181197;KBL n 22
183597;M;Maximus Lake Evendym*BY;KBL n 22;...;(BY)FLNG RX 0682;183595;KBL d 22;183596;KBL n 22
183598;M;EST*Akim Klimov Alexander-Fred;KBL ns 03 24;...;(EE)EKL RIEX 3345;172817;KBL n 02;;
183599;F;Amurka Alexander-Fred;KBL ns 22;...;(EE)EKL RIEX 2571;159548;KBL ns 22;;
183600;F;Mouse Alexander-Fred;KBL ns 24;...;(EE)EKL RX 4255;183598;KBL ns 03 24;183599;KBL ns 22
183601;M;Ratibor Hunter from Islands;KBL ns 22;08-12-2009;(BY)MK-0007/2010/KBL;183597;KBL n 22;183600;KBL ns 24
183602;F;Noble Clan's Amrita;KBL ns 09 22;27-11-2011;(DK)FD LO 209172;183601;KBL ns 22;183594;KBL a 03
183604;M;D*Gorian der Schatz der Kurilen;KBS d 23;07-05-2007;Felidae e.V. 10922;166671;KBL n 23;185541;KBS w 64
183606;M;Igorök der Schatz der Kurilen;KBL ns;12-09-2008;(DK)FD RX 209173;183604;KBS d 23;185541;KBS w 64
183627;M;Martin;KBL n 03 23;...;(RU)KBT 0102/01/C;;;;
183628;F;Eva Zelenogradskaya;KBL f 03;...;(RU)RS-2/99/889;;;;
183629;F;Kena;KBL d 03;...;(RU)UA-DON/00324-KBT;;;;
183630;M;Ermolay Russkaya Zvezda;KBL n 23;...;(RU)MK KBL ex/022/02;183627;KBL n 03 23;183628;KBL f 03
183631;M;Bastet Golden Star;KBL d 23;...;(RU)UA 490-04-105-KBL;183630;KBL n 23;183629;KBL d 03
183632;M;Epifan Agat;KBL n 03;...;(RU)BMKK 484/2003/KBT;;;;
183633;F;Alice;KBL f 03;...;(RU)97-0011;;;;
183634;F;Zhdana Kurilsky Agat;KBS f 03;...;(RU)UA-FAU-V-923-05;183632;KBL n 03;183633;KBL f 03
183635;F;Dushka Krasa Kuril;KBS f 03 23;...;(DE)WCF UA 309807405;183631;KBL d 23;183634;KBS f 03
183636;F;Kalinka-Malinka Krasa Kuril;KBL f 09 23;29-06-2008;(DK)FD RX 209177;183631;KBL d 23;183635;KBS f 03 23
183637;M;Antey Teodor Amadey;KBL d 22;...;(RU)FAKK-KBT/2001-43;172822;KBL d 09 22;172823;KBL n 22
183638;F;Princessa Sofi;KBL f 03 23;...;(RU)FAKK-KBL/2007-474;;;;
183639;M;Aramis Chudo Iturupa;KBL n 24;...;(RU)FAKK-KBL/2007-549;183637;KBL d 22;183638;KBL f 03 23
183640;M;Stavr Renaissance;KBL d 03 24;...;(RU)SFF-KBLex/00004/01;;;;
183642;F;Shkoda of Pahtma-Iyr;KBS d 03 23;...;(RU)SFFex-00222/04;102964;...;102965;...
183643;M;Atoce Pahtma-Iyr;KBS d 03 23;...;(RU)SFF-KBSex/00012/05;183640;KBL d 03 24;183642;KBS d 03 23
183644;F;Lubava Kroshka Flak;KBL d 24;...;(RU)AB-K-310/KBT/2004;164438;KBL d 23;164439;KBL d 22
183645;F;ARYS' Of Dom Semargla;KBS f 03 24;...;(RU)AB-K-114/KBT/2006;172815;KBS n 03 22;183644;KBL d 24
183646;M;Banzay III;KBS d 23;...;(RU)FAKK-KBS-2005-226;;;;
183647;F;Risya;KBL n 23;...;Sertificate of breed No 77;102964;...;102965;...
183648;F;Yokinava Sakura;KBL f 23;...;(RU)EMK 259-2809/89-06-KBL;183646;KBS d 23;183647;KBL n 23
183649;M;Oberyog Chudesniy Parenyok;KBL n 22;...;(RU)1065-0112/340-08/KBL;183639;KBL n 24;183648;KBL f 23
183650;F;Asmika Tortie Land;KBS g 03 23;...;(RU)AB-K-497/KBT/2007;183643;KBS d 03 23;183645;KBS f 03 24
183651;M;Varyag iz Dikogo Plemeni;KBS n 03;17-06-2011;(DK)FD RX 209178;183649;KBL n 22;183650;KBS g 03 23
183652;F;Rodoslava Uralskiy Oberyog;KBS w 62;...;(RU)RU-0165-07-011/11-SERT;;;;
183653;F;Beretta iz Dikogo Plemeni;KBL n;12-05-2011;(DK)FD RX 209179;183649;KBL n 22;183652;KBS w 62
183817;F;(N)RGJ Cat's Mulatka;KBL n 09;...;(N)NRR RX 155915;166673;KBL n 03;166672;KBL f 22
183818;F;(N)RGJ Cat's Tryn-Trava;KBL ns 09;20-02-2011;(DK)FD LO 209299;176027;KBL ns 24;183817;KBL n 09
183819;M;DK Silky Catz Distortion;KBL ns 03;27-02-2012;(DK)FD LO 209300;181371;KBL n 09 22;183818;KBL ns 09
183820;M;DK Silky Catz Woodstock;KBL n 03 22;27-02-2012;(DK)FD LO 209301;181371;KBL n 09 22;183818;KBL ns 09
183821;F;DK Silky Catz Moulin Rouge;KBL n 03;27-02-2012;(DK)FD LO 209302;181371;KBL n 09 22;183818;KBL ns 09
183822;F;DK Silky Catz Mardi Gras;KBL n 09 22;27-02-2012;(DK)FD LO 209303;181371;KBL n 09 22;183818;KBL ns 09
183823;F;DK Silky Catz Cirque Du Soleil;KBL ns 03;27-02-2012;(DK)FD LO 209304;181371;KBL n 09 22;183818;KBL ns 09
184394;M;DK JeaTri's Anschütz 1803 Match;KBL d 09 23;11-04-2012;(DK)FD LO 209667;183604;KBS d 23;183636;KBL f 09 23
184395;M;DK JeaTri's Feinwerkbau 2700, DSM;KBS d 09 23;11-04-2012;(DK)FD LO 209668;183604;KBS d 23;183636;KBL f 09 23
184396;M;DK JeaTri's Styer Mannlicher;KBL n 09 23;11-04-2012;(DK)FD LO 209669;183604;KBS d 23;183636;KBL f 09 23
184952;M;DK Klokmose's Peter Mitchell;KBL n 02 21 62;12-05-2012;(DK)FD LO 210014;175773;KBL ns 02 21;172830;KBL f 03
184953;M;DK Klokmose's Michael Kellam;KBL n 02 21 62;12-05-2012;(DK)FD LO 210015;175773;KBL ns 02 21;172830;KBL f 03
184954;M;DK Klokmose's Jack Holden;KBL d 02 62;12-05-2012;(DK)FD LO 210016;175773;KBL ns 02 21;172830;KBL f 03
184955;F;DK Klokmose's Sylvia Bennington;KBL f 02 21 62;12-05-2012;(DK)FD LO 210017;175773;KBL ns 02 21;172830;KBL f 03
185337;F;Renaissance Dina of Forest Angel;KBL a 03 23;...;UA.FAU.01.94560.11;185347;KBL a 02;185351;KBL n 03 24
185338;M;Pairum Renaissance;KBS a 01 61;...;SSF-KBSex/00009/95;;;;
185339;F;Ysi-Ko Renaissance;KBS f 03 23;...;SFF-KBLex/00002/98;;;;
185340;M;Mia Renaissance;KBS d 01;...;SFF-KBSex/00005/00;185338;KBS a 01 61;185339;KBS f 03 23
185341;M;Felix;KBL ns 03 23;...;(RU)ARCCA RX 16613;;;;
185342;F;Chelsi;KBL f 03;...;(RU)ARCCA RX 16345;;;;
185343;F;Nikoletta;KBL fs 22;...;(RU)ARCCA RX 24609;185341;KBL ns 03 23;185342;KBL f 03
185344;M;Bast Talica of Renaissance;KBL n 09;...;SFF-KBLex/00005/99;;;;
185345;F;Akino of Renaissance;KBS g 01;...;SFF-KBSex/00002/94;;;;
185346;F;Charodeyka Renaissance;KBS n 02;...;SFF-KBSex/00016/01;185344;KBL n 09;185345;KBS g 01
185347;M;Bayun Renaissance;KBL a 02;...;SFF-KBSex/00004/05;185340;KBS d 01;185346;KBS n 02
185349;F;Glafira Renaissance;KBS a 03 24;...;SFF-KBSex/00003/99;;;;
185350;F;Hatla Renaissance;KBS a 03 22;...;SFF-KBSex/00013/01;185344;KBL n 09;185349;KBS a 03 24
185351;F;Geyla Renaissance;KBL n 03 24;...;SFF-KBSex/00011/05;185348;KBL n 03 23;185350;KBS a 03 22
185352;M;Admiral Matroskin of Barrayar*EST;KBS n 24;...;(RU)ARCCA RX 15850;;;;
185367;M;Emir Eridan;KBL d 03 24;...;(RU)ARCCA RX 16895;185352;KBS n 24;169161;KBL d 03 22
185368;F;Dunyasha Renaissance;KBS a 03 23;...;(RU)SFF-KBSex/00011/99;;;;
185371;F;Kasu-Ko Renaissance;KBL e 03 23;...;(RU)SFF-KBLex/00001/00;;;;
185372;M;Undin Renaissance;KBL e 02;...;(RU)SFF-KBLex/00012/03;185338;KBS a 01 61;185371;KBL e 03 23
185373;M;Renaissance Ivanko;KBL e 01;...;(RU)AE-141208 293;185372;KBL e 02;185377;KBL g 02
185374;F;Adassa of Forest Angel;KBL ds 22;...;UA.FAU.01.94468.11;185367;KBL d 03 24;185343;KBL fs 22
185375;M;Forest Angel Cerber;KBL d 09;...;UA.FAU.01.94469.11;185373;KBL e 01;185374;KBL ds 22
185376;F;Forest Angel Kaitlin;KBL g 09;13-10-2011;(DK)FD LO 210329;185375;KBL d 09;185337;KBL a 03 23
185377;F;Etna Renaissance;KBL g 02;...;(RU)SFF-KBLex/00003/02;185340;KBS d 01;185368;KBS a 03 23
185538;F;Gortensia iz Sada Raduzhnyh Hrizantem;KBL f 23;...;(RU)ER-e06/2002/KBL;186034;KBL n;186032;KBL f 23
185539;M;Maximilian Tsvetok Iturupa;KBL d 23;02-01-2003;(RU)PK.KBLex/042/03;182294;KBL d 23;185538;KBL f 23
185540;F;RUS*Snezhka;KBS w 64;08-03-2000;(RU)PK.KBS-014c/05;;;;
185541;F;Justin Tsvetok Iturupa;KBS w 64;26-11-2005;(RU)PK.KBSex/108/05;185539;KBL d 23;185540;KBS w 64
186032;F;Gloria Mundi;KBL f 23;...;(RU)FM RIEX KBT/98-13;;;;
186033;M;Biser iz Sada Raduzhnyh Hrizantem;KBL n 24;...;(RU)PK.KBTex/008/2000;;;;
186034;M;Bill iz Sada Raduzhnyh Hrizantem;KBL n;...;(RU)PK.KBTex/006/2000;;;;
186745;F;Vesnyana Mau Bemol;KBL ns 22;...;(RU)AB-K-184/KBT/2006;;;;
186746;M;Agat Sibiria Frost of Red Diamond;KBL ns 22;...;(RU)QD 565/08/KBL;173817;KBL ns 22;186745;KBL ns 22
186747;M;Jdan iz Sada Raduznih xrizantem;KBL n 24;...;(RU)BIS-60/2006/KBL;;;;
186748;F;Dulsinea;KBS as 03 22;...;(RU)SL-032/2004/KBT-ex;;;;
186749;F;Silabi Ashika iz Lesa Ytrennei rosy;KBL ns 03 24;...;(RU)VRL 324/2009/KBL;186747;KBL n 24;186748;KBS as 03 22
186750;F;Lynx Standart Zlata;KBL n 09 24;11-02-2010;(RU)VRL 411/2010/KBL;182292;KBL a 09;186749;KBL ns 03 24
186751;M;Zigfrid;KBL d 23;...;(RU)QD 036/06/KBT;172824;KBL d 03 22;;
186752;F;Lynx Standart Victory;KBL f 23;...;(RU)VRL 074/2007/KBL;172824;KBL d 03 22;;
186753;F;Lynx Standart Solnishko;KBL d 23;...;(RU)VRL 163/2008/KBL;186751;KBL d 23;186752;KBL f 23
186754;M;Lynx Standart Zlato'Ust;KBL ds 24;...;(RU)VRL 548/2011/KBL;186746;KBL ns 22;186753;KBL d 23
186755;F;Lynx Standart Kamelia;KBL fs 03 24;15-04-2012;(DK)FD LO 211273;186754;KBL ds 24;186750;KBL n 09 24
187898;M;(N)Casa Rolla Fabian;KBL ns;31-07-2009;(DK)FD RX 211995;166668;KBS ns 22;176026;KBL n 24
187899;F;Bangh-Li;KBL n;...;(RU)SFF-4/93/00504;;;;
187922;M;DK Cataffairs Mars;KBL n 03;03-09-2012;(DK)FD LO 212002;187898;KBL ns;168940;KBL f 02 21
187923;F;DK Cataffairs Moon;KBL fs 09;03-09-2012;(DK)FD LO 212003;187898;KBL ns;168940;KBL f 02 21
187924;F;DK Cataffairs Missen Silke;KBL f 09;03-09-2012;(DK)FD LO 212004;187898;KBL ns;168940;KBL f 02 21
187925;F;DK Cataffairs Maneki Neko;KBL fs 03 24;03-09-2012;(DK)FD LO 212005;187898;KBL ns;168940;KBL f 02 21
187926;F;DK Cataffairs Miss Nala;KBL fs 03 24;03-09-2012;(DK)FD LO 212006;187898;KBL ns;168940;KBL f 02 21
188022;M;DK Silky Catz Matrix;KBL ns 22;30-09-2012;(DK)FD LO 212094;182155;KBL ns 03 22;182157;KBL n 22
188023;M;DK Silky Catz Dirty Dancing;KBL ns 22;30-09-2012;(DK)FD LO 212095;182155;KBL ns 03 22;182157;KBL n 22
188578;M;Lel' Bobcat;KBS a 23;...;(NL)NKS RUB/03-1103;;;;
188579;F;Virinea Velikogo Rusichi;KBL g;...;(RU)KM.KBL/276-05;;;;
188580;F;Fike Bobcat;KBL g 23;...;WCF KLK-0494-06/KBT;188578;KBS a 23;188579;KBL g
188581;F;Elektra Bobcat;KBL a 23;30-08-2008;(N)NRR RX 160364;181365;KBL a 22;188580;KBL g 23
188582;M;(N)RGJ Cat's Rasputnik;KBL ns 23;...;(N)NRR RX 161336;176027;KBL ns 24;188581;KBL a 23
188583;F;NO*Malekatten Flip Flop and Fly;KBL fs 03 24;08-11-2011;(DK)FD LO 212367;188582;KBL ns 23;168940;KBL f 02 21
189193;M;DK Pumelle's Shadowfax;KBL ds 24;30-11-2012;(DK)FD LO 212747;183651;KBS n 03;170158;KBL fs 24
189194;F;DK Pumelle's Arwen Undomiel;KBL n 24;30-11-2012;(DK)FD LO 212748;183651;KBS n 03;170158;KBL fs 24
189195;F;DK Pumelle's Goldberry;KBS fs 09 24;30-11-2012;(DK)FD LO 212749;183651;KBS n 03;170158;KBL fs 24
190648;F;DK Korzhik's Marikix;KBL fs 24;14-03-2013;(DK)FD LO 213594;184395;KBS d 09 23;179412;KBL fs 09 24
190649;M;DK Korzhik's Miraculix;KBL ns 09 24;14-03-2013;(DK)FD LO 213595;184395;KBS d 09 23;179412;KBL fs 09 24
190650;M;DK Korzhik's Asterix;KBS ds 24;14-03-2013;(DK)FD LO 213596;184395;KBS d 09 23;179412;KBL fs 09 24
190651;F;DK Korzhik's Lillefix;KBL f 09 23;14-03-2013;(DK)FD LO 213597;184395;KBS d 09 23;179412;KBL fs 09 24
190652;M;DK Korzhik's Obelix;KBS n 24;14-03-2013;(DK)FD LO 213598;184395;KBS d 09 23;179412;KBL fs 09 24
190653;M;DK Korzhik's Fixfax;KBL ns 24;14-03-2013;(DK)FD LO 213599;184395;KBS d 09 23;179412;KBL fs 09 24
191038;M;Yaromir;KBL n 09 23;...;(RU)IPR-4/04/00023;;;;
191039;F;Iris;KBL ns 22;...;(RU)IPR-4/04/00024;;;;
191040;M;Beau-Monde;KBL n 22;...;(RU)IPR-4/06/00002;191038;KBL n 09 23;191039;KBL ns 22
191041;M;Bonifacy;KBS n 03 23;...;(RU)IPR-4/02/0035;;;;
191042;F;Gabriella Lynz Standart;KBS n 23;...;(RU)IPR-4/02/00036;;;;
191043;F;Sonya;KBS n 22;...;(RU)AB-S-001/KBT/01;;;;
191045;F;Unona Barrayar*EST;KBL fs 03 22;...;(EE)EKL RIEX 2969;168905;KBL ns;168379;KBL d 09 22
191046;M;Jakobs Forbarra of Barrayar;KBL n 24;...;(RU)AB-043/KBT/2003;159550;KBL n 03 23;191043;KBS n 22
191047;F;Irma Barrayar;KBL fs 09 23;...;(EE)EKL RIEX 3444;191046;KBL n 24;191045;KBL fs 03 22
191048;F;Ilona Ionessi;KBS n 03 23;...;(RU)IPR-1/03/00448;191041;KBS n 03 23;191042;KBS n 23
191049;F;Cezaria Chrysanthemum Siberia;KBL n 09 22;...;(RU)NK.EC-04/09/174 KBL;191040;KBL n 22;191048;KBS n 03 23
191050;M;Ljova Russkaya Zvezda;KBL d 03 23;...;(RU)PK.KBLex/118/06;183627;KBL n 03 23;183628;KBL f 03
191051;F;Musya Vesyoly Ogonyok;KBS d 09 23;...;(RU)ENKK 001/2008/KBS;102964;...;102965;...
191052;M;Yantar;KBL d 09 23;...;(RU)PK.KBLex/188/07;191050;KBL d 03 23;191051;KBS d 09 23
191053;M;Ostap Zolotaya Seredina;KBL n 09 24;...;(RU)PK.KBLex/636/11;191052;KBL d 09 23;191049;KBL n 09 22
191054;F;Dora;KBL f 03;...;(RU)CNN No25OT 25.06.06;;;;
191055;F;Yamaha;KBL f 03;...;(RU)KBT/2006-758;181194;KBL d 03;191054;KBL f 03
191056;M;Aman Kroshka Flak;KBL n 03 22;...;(RU)AB-K-426/KBT/2007;164440;KBL d 22;191055;KBL f 03
191057;F;Elena Troyanskaya Kroshka Flak*AP;KBL fs 03 22;...;RU-0165-13-2010-085-RIEX-KBL;191056;KBL n 03 22;191047;KBL fs 09 23
191058;F;Stella Zolotaya Seredina;KBL gs 23;01-01-2013;(DK)FD LO 213841;191053;KBL n 09 24;191057;KBL fs 03 22
191416;M;DK Pumelle's Fabian;KBS n 09 23;21-04-2013;(DK)FD LO 214003;183651;KBS n 03;183602;KBL ns 09 22
191417;M;DK Pumelle's Ferdinand;KBL n 02 21 64;21-04-2013;(DK)FD LO 214004;183651;KBS n 03;183602;KBL ns 09 22
191418;F;DK Pumelle's Fellini;KBL ns 09 22;21-04-2013;(DK)FD LO 214005;183651;KBS n 03;183602;KBL ns 09 22
191419;M;DK Pumelle's Gefion;KBL n;30-04-2013;(DK)FD RX 214006;183651;KBS n 03;183653;KBL n
191420;F;DK Pumelle's Gaia;KBL n;30-04-2013;(DK)FD RX 214007;183651;KBS n 03;183653;KBL n
191422;M;DK Leumica Elliot;KBL n 09;02-04-2013;(DK)FD LO 214009;172629;KBL d 09 22;181201;KBL f 09 22
191423;F;DK Leumica Emotion;KBL f 22;02-04-2013;(DK)FD LO 214010;172629;KBL d 09 22;181201;KBL f 09 22
191424;M;DK Leumica Echo;KBL d 03 22;02-04-2013;(DK)FD LO 214011;172629;KBL d 09 22;181201;KBL f 09 22
191425;F;DK Leumica Ella;KBL d 22;02-04-2013;(DK)FD LO 214012;172629;KBL d 09 22;181201;KBL f 09 22
191625;M;DK JeaTri's Jim Hawkins;KBL d 03 23;03-05-2013;(DK)FD LO 214211;184954;KBL d 02 62;182303;KBL f 09
191626;M;DK JeaTri's John Silver;KBL n 03 23;03-05-2013;(DK)FD LO 214212;184954;KBL d 02 62;182303;KBL f 09
191627;M;DK JeaTri's Billy Bones;KBL d 03 23;03-05-2013;(DK)FD LO 214213;184954;KBL d 02 62;182303;KBL f 09
192849;F;Hermiona Superbob*RU;KBL n 03 22;31-01-2010;(SE)SVERAK LO 269996;183593;KBL a 03 23;175772;KBL ns 02 21
192851;M;DK Miciomicio Absolute Gorgeous;KBL n 22;29-06-2013;(SE)SVERAK LO 301132;192850;KBL n 22;182158;KBL ns 22
192852;F;DK Miciomicio Absolute Divine;KBL ns 22;29-06-2013;(DK)FD LO 215051;192850;KBL n 22;182158;KBL ns 22
192853;M;DK Miciomicio Absolute Lovely;KBL ns 22;29-06-2013;(DK)FD LO 215052;192850;KBL n 22;182158;KBL ns 22
192854;F;DK Miciomicio Absolute Adorable;KBL n 22;29-06-2013;(DK)FD LO 215053;192850;KBL n 22;182158;KBL ns 22
193443;M;DK Klokmose's Calypso;KBL n 03 24;13-09-2013;(DK)FD LO 215294;184394;KBL d 09 23;179141;KBL n 09 23
193444;F;DK Klokmose's Slush Ice;KBL f 09 23;13-09-2013;(DK)FD LO 215295;184394;KBL d 09 23;179141;KBL n 09 23
193445;F;DK Klokmose's Twister;KBL f 09 23;13-09-2013;(DK)FD LO 215296;184394;KBL d 09 23;179141;KBL n 09 23
193446;M;DK Klokmose's Dumle;KBL n 09 23;13-09-2013;(DK)FD LO 215297;184394;KBL d 09 23;179141;KBL n 09 23
193447;M;DK Klokmose's Razzer;KBL n 03 23;13-09-2013;(DK)FD LO 215298;184394;KBL d 09 23;179141;KBL n 09 23
195052;F;DK Silky Catz Gold Digger;KBL f 03 22;02-11-2013;(DK)FD LO 216297;188023;KBL ns 22;179138;KBL f 03 22
195053;M;DK Silky Catz Golden Globe;KBL n 03 22;02-11-2013;(DK)FD LO 216298;188023;KBL ns 22;179138;KBL f 03 22
195054;M;DK Silky Catz Gold Rush;KBL ns 22;02-11-2013;(DK)FD LO 216299;188023;KBL ns 22;179138;KBL f 03 22
195055;F;DK Silky Catz Golden Delicous;KBL fs 22;02-11-2013;(DK)FD LO 216300;188023;KBL ns 22;179138;KBL f 03 22
195508;F;DK Silky Catz Katniss Everdeen;KBL ns 22;10-12-2013;(DK)FD LO 216569;181371;KBL n 09 22;168068;KBL ns 22
195509;M;DK Silky Catz Peeta Mellark;KBL n 22;10-12-2013;(DK)FD LO 216570;181371;KBL n 09 22;168068;KBL ns 22
195510;M;DK Silky Catz Haymitch Abernathy;KBL n 03 22;10-12-2013;(DK)FD LO 216571;181371;KBL n 09 22;168068;KBL ns 22
195511;M;DK Silky Catz Finnick Odair;KBL n 03 22;10-12-2013;(DK)FD LO 216572;181371;KBL n 09 22;168068;KBL ns 22
196354;F;SE*Kot-à-Kuril Whisper in the wind;KBL n 09 22;26-11-2013;(DK)FD LO 216958;181371;KBL n 09 22;196316;KBL n 03 22
197220;F;DK Pumelle's Home Alone Harmonia;KBL n 09;17-03-2014;(DK)FD RX 217439;183651;KBS n 03;183653;KBL n
197297;M;Antei Theodora Amadei;KBL d 22;...;Missing Info (265);;;;
197298;F;Printcessa Sofi;KBL f 03 23;...;Missing Info (266);;;;
197299;M;Alfred Chudo Iturupa;KBL n 23;...;(RU)FAKK-KBL/2007-569;197297;KBL d 22;197298;KBL f 03 23
197300;M;Astorix of Barrayar;KBL n 22;...;Missing Info (267);;;;
197301;F;Janet Eridan;KBL d 03 23;...;Missing Info (268);;;;
197302;F;Veda Eridan;KBL f 22;...;(RU)AB-019/KBT/2005;197300;KBL n 22;197301;KBL d 03 23
197303;F;Natasia Eridan;KBL f 09 22;...;(RU)AB-154/KBT/2006;191046;KBL n 24;197302;KBL f 22
197304;M;O'Key Philimon Ramboss;KBS d 23;...;Missing Info (269);;;;
197305;F;O'Key Asya Fasey;KBS f 23;...;Missing Info (270);;;;
197306;M;O'Key Narciss Tsunami;KBL a 22;...;(RU)ICU.2336.E1;197304;KBS d 23;197305;KBS f 23
197307;M;Adams Irbis;KBS d 09 24;...;Missing Info (271);;;;
197308;F;Tessa;KBS fs 24;...;Missing Info (272);;;;
197309;F;Scarlett Serebryanaya Laguna;KBS f 24;...;(RU)49-07/KBS;197307;KBS d 09 24;197308;KBS fs 24
197310;M;Yaroslav Noviy Svet;KBL a 24;...;(RU)ICU.2736.S1;197306;KBL a 22;197309;KBS f 24
197311;M;Kris;KBS e 09;...;Missing Info (273);;;;
197312;M;Yurasii Serebryanaya Laguna;KBL ns 09 24;...;(RU)28-08/KBL;197311;KBS e 09;197308;KBS fs 24
197313;F;Bara;KBL d 02 62;...;Missing Info (274);;;;
197314;F;Gloria Laskovoe Solnyshko;KBL d 23;...;(RU)11-04/KBL;197304;KBS d 23;197313;KBL d 02 62
197315;F;Iriska Laskovoe Solnyshko;KBL f 24;...;(RU)ICU.3046.S2;197312;KBL ns 09 24;197314;KBL d 23
197316;F;SharpClaw's Jazzy;KBL f 24;...;(RU)ICU.3536.S3;197310;KBL a 24;197315;KBL f 24
197317;M;Bars;KBL ns 23;...;Missing Info (275);;;;
197318;F;Kasandra;KBL ns 09 22;...;Missing Info (276);;;;
197319;F;Sheila-Darina;KBL ns 03 23;...;(RU)KBL/2008-957;197317;KBL ns 23;197318;KBL ns 09 22
197320;M;Atim;KBL ns 03 24;...;(RU)K GPK/535/09/KBL;197299;KBL n 23;197319;KBL ns 03 23
197321;M;Conrad Favorit Tails;KBL n;...;(RU)ICU.3399.S1;197320;KBL ns 03 24;197303;KBL f 09 22
197338;M;Sharpclaw's Uspeh;KBL e;08-12-2013;(DK)FD LO 217478;197321;KBL n;197316;KBL f 24
197339;F;Briana Free Hunter*RU;KBL g 03 23;...;(RU)ARCCA LO 52191;181365;KBL a 22;181368;KBL f 03
197340;M;D'Orsay Free Hunter;KBL e 03 23;...;(RU)ARCCA LO 56403;172820;KBL d 03 23;197339;KBL g 03 23
197341;F;Malyutka Bob Kenni;KBS n 09 23;...;WCF VU KBSE 367-06;200813;KBS n 03;200814;KBS f 03 23
197342;M;Dionis Kutziy Khvost;KBS e 23;...;(RU)KLK/0588-07/KBT;201237;KBS e 23;201240;KBS f 09
197343;M;Aaron Plush And Bob;KBL n 03;...;(RU)NC-KBL/07-0885;197342;KBS e 23;197341;KBS n 09 23
197344;M;Daniel Plush And Bob;KBL n 09;...;(RU)AB-K-759/KBT/2008;197343;KBL n 03;183650;KBS g 03 23
197345;M;Gordey Alexander-Fred;KBS n 22;...;(RU)AB-011/KBT/2004;;;;
197346;F;EST*Alenka Alexander-Fred;KBL ns 02 21;...;(EE)EKL RX 3346;;;;
197347;M;Svytoslav Alexander-Fred;KBL ns 03 22;...;(EE)EKL RX 4422;197345;KBS n 22;197346;KBL ns 02 21
197348;F;Bojarynia Eridan;KBL d 03 22;...;(RU)AB-120/KBT/2006;166662;KBL d 09 22;169161;KBL d 03 22
197349;F;Sinilga Iz Grada Levshi;KBL fs 03 22;...;(RU)KFT-OPK/12-2009/KBT-264;197347;KBL ns 03 22;197348;KBL d 03 22
197350;F;Augusta Brus Boyard;KBL fs 03 22;...;(RU)ARCCA LO 18550;197344;KBL n 09;197349;KBL fs 03 22
197351;F;Gordyana Grand Pompon*RU;KBL gs 03;31-12-2013;(DK)FD LO 217479;197340;KBL e 03 23;197350;KBL fs 03 22
198047;M;DK Korzhik's Black Hero;KBL ns 09 22;16-05-2014;(DK)FD LO 217994;191627;KBL d 03 23;179412;KBL fs 09 24
198048;F;DK Korzhik's Belicia;KBL fs 09 24;16-05-2014;(DK)FD LO 217995;191627;KBL d 03 23;179412;KBL fs 09 24
198049;M;DK Korzhik's Black Parrot;KBL n 24;16-05-2014;(DK)FD LO 217996;191627;KBL d 03 23;179412;KBL fs 09 24
198050;F;DK Korzhik's Balalaika;KBL d 22;16-05-2014;(DK)FD LO 217997;191627;KBL d 03 23;179412;KBL fs 09 24
198051;F;DK Korzhik's Banja Luka;KBL d 03 22;16-05-2014;(DK)FD LO 217998;191627;KBL d 03 23;179412;KBL fs 09 24
198052;F;DK Korzhik's Belinda Reus;KBL ds 09 24;16-05-2014;(DK)FD LO 217999;191627;KBL d 03 23;179412;KBL fs 09 24
198053;F;DK Korzhik's Blanche Fleur;KBL fs 24;16-05-2014;(DK)FD LO 218000;191627;KBL d 03 23;179412;KBL fs 09 24
198613;M;DK Silky Catz McFlurry;KBL n 03 22;04-06-2014;(DK)FD LO 218416;181371;KBL n 09 22;168068;KBL ns 22
198614;M;DK Silky Catz Rocky Road;KBL n 22;04-06-2014;(DK)FD LO 218417;181371;KBL n 09 22;168068;KBL ns 22
198615;F;DK Silky Catz Silver de Champagne;KBL ns 22;04-06-2014;(DK)FD LO 218418;181371;KBL n 09 22;168068;KBL ns 22
198616;F;DK Silky Catz Stracciatella;KBL n 09 22;04-06-2014;(DK)FD LO 218419;181371;KBL n 09 22;168068;KBL ns 22
198617;F;DK Silky Catz Sun Lolly;KBL n 03 22;04-06-2014;(DK)FD LO 218420;181371;KBL n 09 22;168068;KBL ns 22
198855;F;DK JeaTri's Félicite;KBL d 22;20-06-2014;(DK)FD LO 218561;191627;KBL d 03 23;191058;KBL gs 23
198856;M;DK JeaTri's Fidéle;KBL d 24;20-06-2014;(DK)FD LO 218562;191627;KBL d 03 23;191058;KBL gs 23
198857;M;DK JeaTri's Futé;KBL e 09 22;20-06-2014;(DK)FD LO 218563;191627;KBL d 03 23;191058;KBL gs 23
199264;M;Barrayar's Kapiton;KBL n 02;...;(RU)AB-003/KBT/2005;172817;KBL n 02;181197;KBL n 22
199266;M;Benefis Adamant;KBL ns 22;...;Missing Info (342);;;;
199267;F;Jaroslavna Eridan of Adamant;KBL d 03 23;...;Missing Info (343);;;;
199268;M;Semen Laskovaya Rys';KBL d 23;...;Missing Info (344);;;;
199269;F;Harita Laskovaya Rys';KBL f 23;...;Missing Info (345);;;;
199270;M;Klimenty;KBL ns 23;...;Missing Info (346);;;;
199271;F;Feona Little Lynx*RU;KBS n 22;...;Missing Info (347);;;;
199272;M;Unique's Best-of-Best;KBL d 22;...;Missing Info (348);;;;
199273;F;Nika;KBL n 23;...;Missing Info (349);;;;
199274;M;Zeus Gromoverzhets Vetka Sakury*RL, DSM, D;KBL n 24;...;Missing Info (350);;;;
199275;F;Maha Akkari Ainu;KBL n 09 22;...;Missing Info (351);;;;
199276;F;Arisha Kuril Kotan*RU;KBL n 09 22;...;(RU)ARCCA RX 26990;199274;KBL n 24;199275;KBL n 09 22
199277;M;Hristian Nelson;KBL n 22;...;(RU)VLM-00585/10/KBL;199272;KBL d 22;199273;KBL n 23
199278;F;Jeneva Funny Family*BY;KBL n 22;...;(BY)FLNG RX 1440;199277;KBL n 22;199276;KBL n 09 22
199279;M;Erl Byorn Bobcat;KBL a 23;...;(RU)KPK 1211-08/KBT;181365;KBL a 22;188580;KBL g 23
199280;F;Kalina Kuril Kotan*RU;KBL n;01-04-2013;(RU)ARCCA LO 77388;199279;KBL a 23;199278;KBL n 22
199281;F;Femida From Amber House;KBL ns 23;...;(RU)ACM 1311-1504/08-KBL;199270;KBL ns 23;199271;KBS n 22
199282;M;Amaretto iz Gildii Korabelnykh Kotov;KBL n 24;...;(RU)GPKKB-024/06-KBL;199268;KBL d 23;199269;KBL f 23
199283;F;Sneaking Lynx Erica;KBL ns 24;...;(RU)RK-E.054/KBL/2009 LO;199282;KBL n 24;199281;KBL ns 23
199284;M;Zorro Adamant;KBL d 03 22;...;(RU)SL-344/2007/KBL;199264;KBL n 02;199265;KBS fs 03 22
199285;F;Rada Adamant;KBL fs;...;(RU)SL-032/2008/KBL;199266;KBL ns 22;199267;KBL d 03 23
199286;M;Odissey Adamant of Sneaking Lynx;KBL ns 03 22;...;(RU)SL-148/2009/KBL;199284;KBL d 03 22;199285;KBL fs
199287;M;Sneaking Lynx Gusman;KBL ns 09 22;11-09-2011;(RU)RK-E.082/KBL/2011 LO;199286;KBL ns 03 22;199283;KBL ns 24
199288;F;Rusya of Taiga Lynx;KBL a 02;30-04-2014;(DK)FD LO 218823;199287;KBL ns 09 22;199280;KBL n
199689;M;Erik Laska;KBS ny 03 22;...;Missing Info (363);;;;
199690;F;Caca;KBS d 03 23;...;Missing Info (364);;;;
199691;M;Mikada-San;KBS n 23;...;Missing Info (365);;;;
199692;F;Zlata Katrin;KBS n 03 22;...;Missing Info (366);;;;
199693;M;Sky;KBS d 22;...;(RU)IPR-2/01/00 039;199689;KBS ny 03 22;199690;KBS d 03 23
199694;F;Yanina;KBS n 03 23;...;(RU)IPR-4/02/00 010;199691;KBS n 23;199692;KBS n 03 22
199695;M;Tomac;KBS n 03 23;...;Missing Info (367);;;;
199696;F;Lynx Standart Viva Vanessa;KBL n 23;...;(RU)003/03 ELO/KBL;172944;KBS n 03 23;173841;KBL f 03 23
199697;M;Vitom Fes Jakie;KBL n 23;...;(RU)032/04 ELO/KBL;199695;KBS n 03 23;199696;KBL n 23
199698;M;Vitom Fes Maks;KBL n 24;...;(RU)LO-4/06/000 37;199697;KBL n 23;199696;KBL n 23
199699;F;Iya Alexander-Fred;KBL ds 22;...;Missing Info (368);;;;
199700;M;Dorofey Vasilievich of Alexander-Fred;KBL ds 22;...;(RU)AB-080/KBT/2002;159548;KBL ns 22;199699;KBL ds 22
199701;M;Basya;KBS ns 23;...;Missing Info (369);;;;
199702;F;Lolita;KBS ns 22;...;Missing Info (370);;;;
199703;F;Zhasmin Amurskaja;KBS ns 23;...;(RU)KBT/2003-553;199701;KBS ns 23;199702;KBS ns 22
199704;F;Eva Dorofeevna Kurilan;KBS fs;...;(RU)LO-1/07/01 336;199700;KBL ds 22;199703;KBS ns 23
199705;F;Mariasha Zvezda Kuril;KBL ns 24;...;(RU)LO-2/11/00 138;199698;KBL n 24;199704;KBS fs
199706;F;Genki Neko Migami;KBL d 24;...;(RU)IPR-1/07/00 827;199693;KBS d 22;199694;KBS n 03 23
199707;F;Laluna's Fialka Barbara;KBS f 09;...;(RU)IPR-2/04/00 212;199693;KBS d 22;199694;KBS n 03 23
199708;M;Laluna's Saldon Tosik;KBL n 22;...;(RU)IPR-2/03/00 143;199693;KBS d 22;199694;KBS n 03 23
199709;M;Laluna's Yarila;KBS d 03 23;...;(RU)IPR-1/05/00 222;199708;KBL n 22;199707;KBS f 09
199710;M;Genki Neko Odji;KBL d 03 24;...;(RU)IPR-1/08/00 771;199709;KBS d 03 23;199706;KBL d 24
199747;F;Beloslava Zvezda Kuril;KBL fs 24;28-11-2013;(DK)FD LO 218990;199710;KBL d 03 24;199705;KBL ns 24
200646;M;Dandy Free Hunter*RU;KBL a 02;...;(NO)NRR RX 160713;172820;KBL d 03 23;197339;KBL g 03 23
200647;M;Charodey Kurlikot;KBL ds 22;...;CFB 07/20070326;159556;KBL ns 24;159555;KBL ds 03 23
200648;F;Darionka Kurlikot;KBL fs 22;...;(NO)NRR LO 154956;200647;KBL ds 22;168067;KBL f 22
200678;M;(N)RGJ Cat's XL-boy;KBL d 03;15-06-2012;(DK)FD LO 219520;200646;KBL a 02;200648;KBL fs 22
200680;M;Brus Alexander-Fred;KBL d;...;(RU)S.AB-002/01/KBL;;;;
200813;M;Tomas iz Malutka Bob;KBS n 03;...;VU KBSE 301-05;;;;
200814;F;Limka;KBS f 03 23;...;VU KBSE 311-05;;;;
200815;M;Malyutka Bob Vityaz';KBL n 03 22;...;WCF VU KBSE 286-04;181781;...;181780;...
200816;M;Enisei Plush and Bob;KBL n 03 22;12-02-2009;(NO)NRR RX 158482;200815;KBL n 03 22;197341;KBS n 09 23
200817;F;(N)Fjascho's Athene;KBL n 09 22;31-05-2011;(NO)NRR RX 164589;200816;KBL n 03 22;176026;KBL n 24
200818;M;(N)Fjascho's Ilias;KBL n 23;31-05-2014;(DK)FD RX 219578;183651;KBS n 03;200817;KBL n 09 22
200820;M;(N)Fjascho's Adrian;KBL n 09 24;31-05-2011;(N)NRR RX 164588;200816;KBL n 03 22;176026;KBL n 24
200821;M;DK Pumelle's Journey to Jumanjii;KBL ns 09 24;12-08-2014;(DK)FD LO 219579;200820;KBL n 09 24;183602;KBL ns 09 22
200905;M;DK Pumelle's Indigo;KBS ns 09 24;15-05-2014;(DK)FD LO 219625;183651;KBS n 03;186755;KBL fs 03 24
200906;F;DK Pumelle's Ishtar;KBS n 09 24;15-05-2014;(DK)FD LO 219626;183651;KBS n 03;186755;KBL fs 03 24
201234;F;Elina Bobcat;KBS a 23;...;RU-0164-07-2008-1213-LO-KBX;181365;KBL a 22;188580;KBL g 23
201235;M;Maks;KBL e;...;(RU)KPKK ex 0055/00/03/KBL;;;;
201236;F;Ekaterina;KBS d 23;...;(RU)KPKKI ex 0054/01/03/KBS;;;;
201237;M;Clementiy;KBS e 23;...;(RU)KPKKI ex 0056/03/03/KBS;201235;KBL e;201236;KBS d 23
201238;M;Ben-Benjamin Kunashir;KBS d 23;...;(RU)001-009-93/KKE;;;;
201239;F;Zlata Zelenogradskaja;KBS n 03;...;(RU)RS-2/98/879-EPK;;;;
201240;F;Eva Dimur;KBS f 09;...;(RU)FM RIEX KBT/2001-3;201238;KBS d 23;201239;KBS n 03
201241;F;Zarina;KBS g 23;31-12-2009;RU-0164-07-2009-2057-LO-KBX;197342;KBS e 23;201234;KBS a 23
201242;M;Foks Ryjikoff;KBS d 22;08-01-2008;(RU)RUSZOO/2008-1001;102964;...;102965;...
202815;F;Egoza Kroshka Flack;KBL ns 22;...;WCF RU-0165-13-2010-084-RIEX;191056;KBL n 03 22;191047;KBL fs 09 23
202816;M;Lynx Standart Hector;KBL as 09 22;...;(RU)VRL 562/2011/KBL;182292;KBL a 09;186749;KBL ns 03 24
202817;F;Akvarel' Island Julapp;KBL as;...;(NO)NRR RX 173487;202816;KBL as 09 22;202815;KBL ns 22
202818;M;(N)RGJ Cat's Charovnik;KBL as 24;12-11-2014;(DK)FD LO 220651;188582;KBL ns 23;202817;KBL as
203643;M;DK Miciomicio Chicco;KBL n;07-04-2015;(DK)FD LO 221058;200678;KBL d 03;182158;KBL ns 22
203644;M;DK Miciomicio Cimba;KBL ns 03 22;07-04-2015;(DK)FD LO 221059;200678;KBL d 03;182158;KBL ns 22
203645;F;DK Miciomicio Cocco Jambo;KBL f 24;07-04-2015;(DK)FD LO 221060;200678;KBL d 03;182158;KBL ns 22
203646;M;DK Miciomicio Chili Con Carne;KBL fs 03 22;07-04-2015;(DK)FD LO 221061;200678;KBL d 03;182158;KBL ns 22
203769;M;DK Korzhik's Louis Vallet;KBL n 09 22;07-04-2015;(DK)FD LO 221142;198047;KBL ns 09 22;193444;KBL f 09 23
203770;F;DK Korzhik's Angelica Delamain;KBL n 09 22;07-04-2015;(DK)FD LO 221143;198047;KBL ns 09 22;193444;KBL f 09 23
203771;M;DK Korzhik's Henri IV Dudognon;KBL ds 09 22;07-04-2015;(DK)FD LO 221144;198047;KBL ns 09 22;193444;KBL f 09 23
203772;F;DK Korzhik's Maxime Trijol;KBL n 09 22;07-04-2015;(SE)SVERAK LO 318684;198047;KBL ns 09 22;193444;KBL f 09 23
203773;F;DK Korzhik's Camilla Frapin;KBL ns 09 23;07-04-2015;(DK)FD LO 221146;198047;KBL ns 09 22;193444;KBL f 09 23
203774;F;DK Korzhik's Michelle Barrique;KBL fs 23;07-04-2015;(DK)FD LO 221147;198047;KBL ns 09 22;193444;KBL f 09 23
203775;F;DK JeaTri's Columbine;KBL ns 09 22;01-04-2015;(SE)SVERAK LO 319375;198047;KBL ns 09 22;191058;KBL gs 23
203776;M;DK JeaTri's Kassander;KBL d 09 22;01-04-2015;(DK)FD LO 221149;198047;KBL ns 09 22;191058;KBL gs 23
203777;M;DK JeaTri's Harlekin;KBL n 22;01-04-2015;(DK)FD LO 221150;198047;KBL ns 09 22;191058;KBL gs 23
203778;M;DK JeaTri's Pjerrot;KBL d 09 23;01-04-2015;(DK)FD LO 221151;198047;KBL ns 09 22;191058;KBL gs 23
203864;M;Glamour Adamant;KBL ns 03 22;...;(RU)SL-050/2007/KBL;199264;KBL n 02;199265;KBS fs 03 22
203865;M;Artyom Vasilievich Alexander-Fred;KBL ns 22;...;Missing Info (454);;;;
203866;F;Elmira Ibza Kubri;KBL f 23;...;Missing Info (455);;;;
203867;F;Pussetu of Akkari Ainu;KBL ns 22;...;(RU)AB-083/KBT/2005;203865;KBL ns 22;203866;KBL f 23
203868;F;Lilu Akkari Ainu;KBL ns 22;...;(RU)AB-007/KBT/2007;168907;KBL ns 22;203867;KBL ns 22
203869;M;Dick Zhemchuzhina;KBL ns 03 22;...;(RU)PK.KBLex/1130/13;203864;KBL ns 03 22;203868;KBL ns 22
203870;M;Mars Night Lynx;KBL n 22;...;(Missing reg)B 351-08-KBL;204444;KBL ds 09 24;204445;KBL f 22
203871;F;Louise Bastet Bob;KBL ny 22;...;(Missing reg.) 679/07/KBL;204446;KBS ny 03 22;204447;KBL f
203872;F;Chloe Bastet Bob;KBL n 22;...;(RU)RU-0170-01-17-LO-10/KBL;203870;KBL n 22;203871;KBL ny 22
203873;F;Florina Zhemchuzhina;KBL n 22;...;(RU)PK.KBLex/758/12;203864;KBL ns 03 22;203872;KBL n 22
203874;F;Mar'yana of Taiga Lynx;KBL ns 09 22;...;(RU)PK.KBL/1153/13;199287;KBL ns 09 22;203873;KBL n 22
204432;F;Amelia Shonbob's;KBL ns 22;19-11-2014;(DK)FD LO 221575;203869;KBL ns 03 22;203874;KBL ns 09 22
204433;M;Lynx Standart Tornado;KBS n 03 22;...;Missing Info (473);;;;
204434;F;Lynx Standart Ferrarie;KBS n 03 22;...;Missing Info (474);;;;
204435;M;Timas;KBS ny 03 22;...;RU-0165-05(QD)-2010-0179 LO-KB;204433;KBS n 03 22;204434;KBS n 03 22
204436;F;Shchanga Zvezda Sumerek;KBS ny 22;...;Missing Info (475);;;;
204437;F;Fevronia Chrysanthemum Siberia;KBS n 22;...;(Missing reg)12/08/609 KBL;191040;KBL n 22;204436;KBS ny 22
204438;M;Lovelas of Pride Amour;KBS ny 09 22;...;RU-0165-05(QX)-2010-0181 LO-KB;204435;KBS ny 03 22;204437;KBS n 22
204439;F;Ursula Bastet Bob of Prade Amour;KBL ny 22;...;(Missing reg)889/09/KBL;203870;KBL n 22;203871;KBL ny 22
204440;F;Nicoletta Pride Amour;KBS ny 09 22;...;(RU)PK.KBS/836/12;204438;KBS ny 09 22;204439;KBL ny 22
204441;F;Francesca;KBS ns 03 22;07-11-2014;(DK)FD RX 221576;203869;KBL ns 03 22;204440;KBS ny 09 22
204444;M;Lars Red Mantel;KBL ds 09 24;...;Missing Info (476);;;;
204445;F;Ruslana;KBL f 22;...;Missing Info (477);;;;
204446;M;Imax Banzai;KBS ny 03 22;...;Missing Info (478);;;;
204447;F;Diana Bastet Bob;KBL f;...;Missing Info (479);;;;
204473;F;DK Varmdorf's Andersine;KBL n 02 62;15-05-2015;(DK)FD LO 221599;193443;KBL n 03 24;199288;KBL a 02
204474;F;DK Varmdorf's Annebell;KBL ns 24;15-05-2015;(DK)FD LO 221600;193443;KBL n 03 24;199288;KBL a 02
204475;M;DK Varmdorf's Daniel Agger;KBL ns 09;15-05-2015;(DK)FD LO 221601;193443;KBL n 03 24;199288;KBL a 02
204476;F;DK Varmdorf's Anuba;KBL n;15-05-2015;(DK)FD LO 221602;193443;KBL n 03 24;199288;KBL a 02
204477;M;DK Varmdorf's Alba;KBL n;15-05-2015;(DK)FD LO 221603;193443;KBL n 03 24;199288;KBL a 02
205623;M;DK Leumica Falcon;KBL d 22;23-06-2015;(DK)FD LO 222345;172629;KBL d 09 22;191423;KBL f 22
205624;M;DK Leumica Felix;KBL d 22;23-06-2015;(DK)FD LO 222346;172629;KBL d 09 22;191423;KBL f 22
205625;M;DK Leumica Fluffy;KBL d 22;23-06-2015;(DK)FD LO 222347;172629;KBL d 09 22;191423;KBL f 22
205626;F;DK Leumica Fnuggi;KBL d 09 22;23-06-2015;(DK)FD LO 222348;172629;KBL d 09 22;191423;KBL f 22
205627;M;DK Leumica Fighter;KBL d 22;23-06-2015;(DK)FD LO 222349;172629;KBL d 09 22;191423;KBL f 22
205628;F;DK Leumica Foxy;KBL f 22;23-06-2015;(DK)FD LO 222350;172629;KBL d 09 22;191423;KBL f 22
205775;M;DK Pumelle's Kasper Tot;KBL n 24;16-06-2015;(DK)FD LO 222427;200821;KBL ns 09 24;191420;KBL n
205776;M;DK Pumelle's Kasmir;KBL n 09 24;16-06-2015;(DK)FD LO 222428;200821;KBL ns 09 24;191420;KBL n
205777;M;DK Pumelle's Kili;KBL n 09 24;16-06-2015;(DK)FD LO 222429;200821;KBL ns 09 24;191420;KBL n
205778;M;DK Pumelle's Karim;KBL ns 09 22;16-06-2015;(DK)FD LO 222430;200821;KBL ns 09 24;191420;KBL n
205779;M;DK Pumelle's Kanoa;KBL n 24;16-06-2015;(DK)FD LO 222431;200821;KBL ns 09 24;191420;KBL n
205780;F;DK Pumelle's Lotus;KBS n 09 24;18-06-2015;(DK)FD LO 222432;183651;KBS n 03;186755;KBL fs 03 24
205781;M;DK Pumelle's Lunte;KBS ns 09 24;18-06-2015;(DK)FD LO 222433;183651;KBS n 03;186755;KBL fs 03 24
205782;M;DK Pumelle's Loke;KBS n 09 24;18-06-2015;(DK)FD LO 222434;183651;KBS n 03;186755;KBL fs 03 24
205783;M;DK Pumelle's Lion;KBL d 09 23;18-06-2015;(DK)FD LO 222435;183651;KBS n 03;186755;KBL fs 03 24
205784;M;DK Pumelle's Legolas;KBS d 09 24;18-06-2015;(DK)FD LO 222436;183651;KBS n 03;186755;KBL fs 03 24
205785;M;DK Pumelle's Lappetus;KBS d 09 24;18-06-2015;(DK)FD LO 222437;183651;KBS n 03;186755;KBL fs 03 24
205786;F;DK Pumelle's Lilli Gollum;KBS ns 09 24;18-06-2015;(DK)FD LO 222438;183651;KBS n 03;186755;KBL fs 03 24
206172;F;DK JeaTri's HurlumHej;KBL g 22;29-07-2015;(DK)FD LO 222690;197338;KBL e;191058;KBL gs 23
206173;M;DK JeaTri's HonkeyTonkey;KBL a 24;29-07-2015;(DK)FD LO 222691;197338;KBL e;191058;KBL gs 23
206174;F;DK JeaTri's HaBibti;KBL g 24;29-07-2015;(DK)FD LO 222692;197338;KBL e;191058;KBL gs 23
206175;M;DK JeaTri's HappyDappy;KBL a 22;29-07-2015;(DK)FD LO 222693;197338;KBL e;191058;KBL gs 23
206176;M;DK JeaTri's HipSomHap;KBL e 22;29-07-2015;(DK)FD LO 222694;197338;KBL e;191058;KBL gs 23
206177;F;DK JeaTri's HippieDippi;KBL g 24;29-07-2015;(DK)FD LO 222695;197338;KBL e;191058;KBL gs 23
206178;M;DK JeaTri's HullaBalloo;KBL a 24;29-07-2015;(DK)FD LO 222696;197338;KBL e;191058;KBL gs 23
206797;M;DK JeaTri's Kung Fu;KBL n 23;11-10-2015;(DK)FD LO 222962;184395;KBS d 09 23;182303;KBL f 09
206798;F;DK JeaTri's Laguna;KBS d 23;11-10-2015;(DK)FD LO 222963;184395;KBS d 09 23;182303;KBL f 09
206799;F;DK JeaTri's Twister;KBS f 09 23;11-10-2015;(DK)FD LO 222964;184395;KBS d 09 23;182303;KBL f 09
206800;M;DK JeaTri's Filur;KBS d 09 23;11-10-2015;(DK)FD LO 222965;184395;KBS d 09 23;182303;KBL f 09
206804;F;DK Pumelle's Kiara;KBL n 09 23;16-06-2015;(DK)FD LO 222969;200821;KBL ns 09 24;191420;KBL n
206810;F;DK Korzhik's Agatha Christie;KBS fs 24;17-10-2015;(DK)FD LO 222975;184395;KBS d 09 23;198053;KBL fs 24
206811;F;DK Korzhik's Miss Marple;KBS d 09 23;17-10-2015;(DK)FD LO 222976;184395;KBS d 09 23;198053;KBL fs 24
206812;M;DK Korzhik's Perry Mason;KBS ns 24;17-10-2015;(DK)FD LO 222977;184395;KBS d 09 23;198053;KBL fs 24
206813;M;DK Korzhik's Sherlock Holmes;KBL ds 23;17-10-2015;(DK)FD LO 222978;184395;KBS d 09 23;198053;KBL fs 24
206814;M;DK Korzhik's Hercule Poirot;KBS n 24;17-10-2015;(DK)FD LO 222979;184395;KBS d 09 23;198053;KBL fs 24
206874;F;DK Miciomicio Dream Catcher;KBL f 03 24;14-07-2015;(DK)FD LO 223039;200678;KBL d 03;196354;KBL n 09 22
206875;F;DK Miciomicio Diamond Heart;KBL f 09 23;14-07-2015;(DK)FD LO 223040;200678;KBL d 03;196354;KBL n 09 22
206876;F;DK Miciomicio Darling Delilah;KBL f 22;14-07-2015;(DK)FD LO 223041;200678;KBL d 03;196354;KBL n 09 22
206877;M;DK Miciomicio Don Dario;KBL n 09;14-07-2015;(DK)FD LO 223042;200678;KBL d 03;196354;KBL n 09 22
206878;M;DK Miciomicio Don Dusty;KBL n 09;14-07-2015;(DK)FD LO 223043;200678;KBL d 03;196354;KBL n 09 22
207484;F;DK Silky Catz Daenerys Tararyen;KBL fs 03 22;24-09-2015;(DK)FD LO 223281;200678;KBL d 03;195055;KBL fs 22
207485;F;DK Silky Catz Arya Stark;KBL fs 22;24-09-2015;(DK)FD LO 223282;200678;KBL d 03;195055;KBL fs 22
207486;F;DK Silky Catz Brienne of Tarth;KBL fs 24;24-09-2015;(DK)FD LO 223283;200678;KBL d 03;195055;KBL fs 22
207487;M;DK Silky Catz Jon Snow;KBL ds 03 22;24-09-2015;(DK)FD LO 223284;200678;KBL d 03;195055;KBL fs 22
207488;F;DK Silky Catz Lady Sansa Stark, JW;KBL d 22;24-09-2015;(DK)FD LO 223285;200678;KBL d 03;195055;KBL fs 22
208620;F;Knyazhna Rostovskaya;KBL f 09 23;...;(RU)RCTD-032/271/KBT/07;;;;
208622;F;Alexandra Beautiful Tail;KBS fs;...;(RU)KR 0926-KBT-06;;;;
208623;M;Richmond Brussel Krasa Kuril;KBL n 23;...;UA 330510405E;183631;KBL d 23;208620;KBL f 09 23
208626;F;Olivia Terra Kurilia of Akkari Ainu;KBS as 23;...;RU 0170-47-018-REIX-KBS-2012;208623;KBL n 23;208624;KBS gs 22
208627;M;Silver Double.Master Timofey from Ainu Isl;KBS n 24;...;WCF RU-0177/2012-098KBS-RIEX;102964;...;102965;...
208628;F;Sinichka Akkari Ainu;KBS as 23;...;(NO)NRR RX 174633;208627;KBS n 24;208626;KBS as 23
208629;M;(N)RGJ Cat's Darmojed;KBS ns 24;13-08-2015;(DK)FD RX 223814;184395;KBS d 09 23;208628;KBS as 23
210758;F;DK Korzhik's Fearless;KBL n 23;14-06-2016;(DK)FD LO 225043;202818;KBL as 24;204432;KBL ns 22
210759;F;DK Korzhik's Forever Mine;KBL ns 22;14-06-2016;(DK)FD LO 225044;202818;KBL as 24;204432;KBL ns 22
210760;M;DK Korzhik's FireFox;KBL ns 23;14-06-2016;(DK)FD LO 225045;202818;KBL as 24;204432;KBL ns 22
210761;F;DK Korzhik's Final Fantasy;KBL ns 22;14-06-2016;(DK)FD LO 225046;202818;KBL as 24;204432;KBL ns 22
210762;M;DK Korzhik's Manfred;KBL ds 24;08-06-2016;(DK)FD LO 225047;202818;KBL as 24;190648;KBL fs 24
210763;M;DK Korzhik's Ethan;KBL ns 24;08-06-2016;(DK)FD LO 225048;202818;KBL as 24;190648;KBL fs 24
210764;F;DK Korzhik's Steffie;KBL fs 24;08-06-2016;(DK)FD LO 225049;202818;KBL as 24;190648;KBL fs 24
210765;F;DK Korzhik's Katie;KBL ns 24;08-06-2016;(DK)FD LO 225050;202818;KBL as 24;190648;KBL fs 24
210766;F;DK Korzhik's Fersken;KBL fs 24;08-06-2016;(DK)FD LO 225051;202818;KBL as 24;190648;KBL fs 24
210852;M;Jantarik Hrizantema Sibiry;KBS n 22;...;IFC 0023/11/KBS;;;;
210853;F;Assol' Zhuliana Bastet;KBS n 03 22;...;(Missing reg.)721/08/KBS;;;;
210854;F;Tzvetta Bastet Bob;KBL f;...;RU-0170-01-33-11-LO/KBL;;;;
210855;F;Yaya Barrayar;KBL g 03 24;...;(EE)EKL RIEX 2992;;;;
210856;M;Bastet Bob Altai A-Takeshi;KBS n 09 22;...;RU-0170-01-58-12-LO/KBS;203870;KBL n 22;210853;KBS n 03 22
210857;F;Yumi of Bastet Bob Altai;KBS n 24;...;RU-0170-01-103-12-LO/KBS;210852;KBS n 22;210854;KBL f
210858;M;Krasimir Barrayar;KBL e 03 22;...;(EE)EKL RIEX 3631;164440;KBL d 22;210855;KBL g 03 24
210859;F;Noble Clan's Ethna;KBL ns 09 22;...;RU-0207-11301/479-KBL-RIEX;183601;KBL ns 22;183594;KBL a 03
210860;M;D-Jazz;KBL n 03 22;...;WCF AS 21383-12;210856;KBS n 09 22;210857;KBS n 24
210861;F;Ulya Zhemchuzhina;KBL f;...;(RU)PK.KBL EX/657/11;210858;KBL e 03 22;203872;KBL n 22
210862;M;Varyag of Planet Lumens;KBL n 03;...;WCF AS 25901-15;210860;KBL n 03 22;210861;KBL f
210863;M;M'Jack Des Kurils De L'Ouest;KBL n 03 22;24-02-2016;(DK)FD LO 225108;210862;KBL n 03;210859;KBL ns 09 22
211136;M;Jantarik Hrizantema Sibiry;KBS n 22;...;ICF 0023/11/KBS;;;;
211139;F;Ulya Zhemchuzhina;KBL f;...;PK.KBL EX/657/11;210858;KBL e 03 22;203872;KBL n 22
211158;M;LV*Baltais Tigeris Briutas;KBL n 24;...;(LV)CFCA RX 352;;;;
211159;F;Dushka Golden Look*LT;KBL n 24;...;(LV)CFCA LO 3905;211158;KBL n 24;173831;KBL n 24
211160;F;Yuka Golden Look*LT;KBL f 24;...;(LV)CFCA LO 5433;173830;KBL es 23;211159;KBL n 24
211161;F;Druzhba Golden Look*LT;KBL n 24;...;(LV)CFCA LO 3906;211158;KBL n 24;173831;KBL n 24
211162;F;Indy Golden Look*LT;KBL n 03 23;...;(LV)CFCA LO 4867;183593;KBL a 03 23;211161;KBL n 24
211163;F;Uma Golden Look*LT;KBL fs 03 23;05-05-2014;(LV)CFCA LO 3230-9055;173830;KBL es 23;211162;KBL n 03 23
211164;M;EE*Exlibris Karmino Cat;KBS n 03 24;...;(EE)EKL RX 5336;172829;KBL d 03 23;172821;KBS f 03 22
211165;M;Porsche Golden Look*LT;KBL d 09 24;...;(LV)CFCA LO 3231-8022;211164;KBS n 03 24;211160;KBL f 24
211188;M;Elfas Golden Look*LT;KBL n 03 23;27-12-2015;(DK)FD LO 225327;211165;KBL d 09 24;211163;KBL fs 03 23
211193;F;M'Sally des Kurils de L'Ouest;KBL n 09 22;24-02-2016;(DK)FD LO 225329;210862;KBL n 03;210859;KBL ns 09 22
211298;M;Avdey Yasno Solnyskho;KBL d 23;...;(RU)BC-004/2007/KBL;;;;
211299;M;Goro Khagi;KBL n 24;...;FM RIEX KBT/98-12;;;;
211300;F;Violetta;KBL n;...;FM RIEX KBT/98-7;;;;
211301;M;Biser iz Sada Raduzhnykh Khrizantem;KBL n 24;...;(RU)PK KBT/007/2000;211299;KBL n 24;211300;KBL n
211302;M;Gorislav is Sada Raduzhnykh Khrizantem;KBL d 24;...;(RU)ER-12/2002/KBL;;;;
211303;F;Assol iz Sada Raduzhnykh Khrizantem;KBS n 02;...;(RU)CB.ER/003.03 KBS;;;;
211304;F;China is Sada Raduzhnykh Khrizantem;KBS f;...;(RU)BIS-46/2006/KBS;211302;KBL d 24;211303;KBS n 02
211305;M;Nevzor iz Sada Raduzhnykh Khrizantem;KBL d 09 24;...;(RU)BIS-197/KBL/2009;211301;KBL n 24;211304;KBS f
211307;F;Nezha iz Sada Raduzhnykh Khrizantem;KBL n 24;...;(RU)BIS-196/KBL/2009;211301;KBL n 24;211304;KBS f
211308;F;Takesha;KBL f 03 23;...;Missing info (687);;;;
211309;M;Elisey Tsvetok Iturupa;KBL ds 23;...;(RU)PK.KBL/104/05;185539;KBL d 23;182296;KBL ds 23
211310;M;Yurkas Zolotoy Lev;KBL d 23;...;(Missing reg.)029/1-01;;;;
211311;F;Faina Tsvetok iz Solnechnoy Dolini;KBL f 09 22;...;(Missing reg.)0624/06/E;211310;KBL d 23;211308;KBL f 03 23
211312;M;Baloven Tsvetok Irrurpa;KBL ns 22;...;(RU)PK.KBLex/682/12;211309;KBL ds 23;211311;KBL f 09 22
211313;F;Fiona iz Sata Raduzhnykh Khrizantem;KBL n 24;...;(RU)ER-04/2005/KBL;211301;KBL n 24;186032;KBL f 23
211314;F;Lika iz Sada Raduzhnykh Khrizantem;KBL f;...;(RU)BIS-RIEX 172/KBL7/2008;211298;KBL d 23;211313;KBL n 24
211315;M;Ratibor;KBL n 24;...;(RU)BIS-521/KBL/2012;211305;KBL d 09 24;211314;KBL f
211316;F;Prelesta Tsvetok Iturupa;KBS fs 23;...;(RU)PK.KBL/139/007;;;;
211317;M;Dominik is Sada Raduzhnykh Khrizantem;KBS d 03 24;...;(RU)BIS-74/2006/KBS;;;;
211318;M;Milovan iz Sada Raduzhnykh Khrizantem;KBL ns 24;...;(RU)BIS-142/2008/KBL;211317;KBS d 03 24;211316;KBS fs 23
211319;F;Zvetana;KBL ns 24;...;(RU)BIS-402/KBL/2011;211318;KBL ns 24;211307;KBL n 24
211320;F;Ofelia;KBL ns 24;...;(RU)BIS-708/KBL/2013;211312;KBL ns 22;211319;KBL ns 24
211321;M;Gor Ratibor;KBL ns 24;13-11-2015;(DK)FD RX 225378;211315;KBL n 24;211320;KBL ns 24
212935;M;DK JeaTri's Idol's Eye;KBL n 09 24;02-09-2016;(DK)FD LO 226178;197338;KBL e;179412;KBL fs 09 24
212936;M;DK JeaTri's Agra;KBL ns 24;02-09-2016;(DK)FD LO 226179;197338;KBL e;179412;KBL fs 09 24
212937;F;DK JeaTri's Milennium Star;KBL f 24;02-09-2016;(DK)FD LO 226180;197338;KBL e;179412;KBL fs 09 24
212938;F;DK JeaTri's Ocean Dream;KBL f 09 22;02-09-2016;(DK)FD LO 226181;197338;KBL e;179412;KBL fs 09 24
212939;F;DK JeaTri's Nassak;KBL ds 09 24;02-09-2016;(DK)FD LO 226182;197338;KBL e;179412;KBL fs 09 24
212940;F;DK JeaTri's Darya-ye Noor;KBL fs 09 24;02-09-2016;(DK)FD LO 226183;197338;KBL e;179412;KBL fs 09 24
212966;M;DK Varmdorf's Jamie Agger;KBL ns 09 24;09-06-2016;(DK)FD LO 226209;204475;KBL ns 09;199747;KBL fs 24
212967;F;DK Varmdorf's Caya;KBL ns;09-06-2016;(DK)FD LO 226210;204475;KBL ns 09;199747;KBL fs 24
212968;F;DK Varmdorf's Cirkeline;KBL ns 09 22;09-06-2016;(DK)FD LO 226211;204475;KBL ns 09;199747;KBL fs 24
212969;F;DK Varmdorf's Coco Chanel;KBL fs;09-06-2016;(DK)FD LO 226212;204475;KBL ns 09;199747;KBL fs 24
212970;F;DK Varmdorf's Nede Mette;KBL f 09 24;09-06-2016;(DK)FD LO 226213;204475;KBL ns 09;199747;KBL fs 24
214183;M;Samson O. Iturup;KBL d 03 24;...;Missing Info (769);;;;
214184;F;Dalila O. Iturup;KBL n;...;Missing Info (770);;;;
214185;M;Ermak Semionovich;KBS ns 24;...;Missing Info (771);;;;
214186;F;Sonya 2;KBS n 22;...;Missing Info (772);;;;
214187;M;Indus;KBS n 03;...;Missing Info (773);;;;
214188;F;Lada Laskovoe Solnishko;KBS d 22;...;Missing Info (774);;;;
214189;F;Printsessa Sofi;KBL f 03 23;...;(RU)(missing reg.)KBL/06E16255;214183;KBL d 03 24;214184;KBL n
214190;F;Feya of Barrayar;KBS ns 22;...;(RU)(Missing reg.)KBL/04E17320;214185;KBS ns 24;214186;KBS n 22
214191;F;Tigra;KBL f 23;...;(RU)(Missing reg.)KBL/05E17077;172824;KBL d 03 22;214190;KBS ns 22
214192;M;Bendzhamin Chudo Iturupa;KBL d 03 23;...;(RU)(Missing reg.)KBL/07E1625x;183637;KBL d 22;214189;KBL f 03 23
214193;M;Kitti Shel Asteriks;KBL n 03;27-02-2011;(RU)(Missing reg.)KBL/11-974x4;214192;KBL d 03 23;214191;KBL f 23
214194;M;Lyamur Laskovoe Solnishko;KBL d 03 24;...;(RU)(Missing reg.)11-08/KBL;214187;KBS n 03;214188;KBS d 22
214195;F;Yasno Solnishko;KBS d 09 22;...;Missing Info (776);;;;
214196;M;O*Kay Narciss Cynami;KBL a 22;...;Missing Info (775);;;;
214197;F;Dariya;KBS e 03;...;Missing Info (778);;;;
214198;F;Nikilina Baikal Rainbow;KBL n 22;...;Missing Info (780);;;;
214199;F;Aurora;KBL n 22;...;(RU)ICU.2613.S3;214196;KBL a 22;214198;KBL n 22
214200;M;Ystin Tri Kota;KBL d 03;...;(RU)KF 1757-10/KBL;214194;KBL d 03 24;214197;KBS e 03
214201;F;Dariya Tri Kota;KBL f 09 22;...;(RU)KF 2666-12/KB;214200;KBL d 03;214199;KBL n 22
214202;F;Hristina;KBL f 09 22;...;(RU)(Missing reg.)651-314.09KB;214196;KBL a 22;214195;KBS d 09 22
214203;M;Lazar' Tri Kota;KBL d 03 24;...;(RU)KF 1724-10/KBL;214194;KBL d 03 24;214202;KBL f 09 22
214204;F;Dubrava's Assol Tiny Linx;KBL f 22;21-03-2014;(RU)RU-0207-10600/477-RIEX-KBL;214203;KBL d 03 24;214201;KBL f 09 22
214205;M;General Koteyko;KBL n 03 24;15-06-2016;(DK)FD RX 226820;214193;KBL n 03;214204;KBL f 22
