17;M;Brylou Louis van Blue Lover;XSH c 33;...;FE.R81.XK.001.1;;;;
78;M;Penric Quicksilver;XSH x ns;...;FD RX 4412;8223;PER ns 12;15129;BUR f
1814;F;Syriam's Isis;XSH g;07-06-1989;FD RX REG 1336;33284;PER e;28391;BSH g
2014;F;Hilken Red Poppy;XSH f 09;...;GCCF EX 063812;;;;
2108;F;Maya Granat;XLH ns 12;16-06-1991;FD RX 7469;18914;BSH ns 12;34530;BSH ns 11
2337;M;Emil Doucet af Vendsyssel;XLH a 33;13-08-1991;FD RX REG 1477;11681;PER b;19151;SBI n
2906;F;Maya Turelure;XSH ns 24;...;FD RX 4049;;;9565;PER ns 12
3266;M;Blue-Abel van Sheba's Adiba;XSH a 23;...;NHS AK 52.477;;;;
3425;M;DK Laxey's Bob;XSH n 03;07-03-1992;FD RX REG 1583;31170;BSH a;27175;MAN n 03 52
3584;M;Cora-Terry's Peewee;XLH n 22;...;1.DEKZV 130071;375;PER ns 11;14783;SBI n
4031;F;Hijoy Bonnylass;XSH ns;...;GCCF EX 65270;17704;DRX ns;18810;XSH fs 22
4062;M;DK Laxey's Bill;XSH n 03;07-03-1992;FD RX REG 1584;31170;BSH a;27175;MAN n 03 52
4131;F;Mandessa Brita;XLH b 33;...;GCCF SRNS 048098;;;;
4246;M;Shwechinthe Aero;XLH n 33;...;GCCF EX 062818;;;;
4274;F;Maya Aviaja;XLH ns 11;31-03-1991;FD RX 7228;18914;BSH ns 12;29418;BSH ns 11
4907;M;Arkens Askar;XSH s;...;NRR RX EXP 199;;;;
5097;M;DK Laxey's Ben;XSH n 03;07-03-1992;FD RX REG 1582;31170;BSH a;27175;MAN n 03 52
5299;F;DK Chagall's Bernadette;XSH a 03;07-02-1992;FD RX REG 1538;13887;PER a 03;26731;BSH a
5581;F;Soraja Kat-A-Mandu;XSH n;...;XX 218;;;;
5891;M;DK Grandezza's Wimba Sanakijana;XSH n 24;26-12-1990;FD RX REG 1449;11931;RUS;9727;SOK n 22
7126;M;DK Diamond's Mr. Barny;XLH ns 11;08-05-1994;FD RX REG 1733;18458;BSH ns 11;50749;PER ns 11
7139;F;DK Grandezza's Mkora Sanakijana;XSH;26-12-1990;FD RX REG 1450;11931;RUS;9727;SOK n 22
8369;F;Cora-Terry's Mini;XLH n 22;...;1.DEKZV 130073;375;PER ns 11;14783;SBI n
8532;M;Arkens Narcissus;XSH s;...;NRR RX EXP 210;;;;
8801;F;Bianca vom Rococo Schloss;XLH;...;1.DEKZV 023537;8717;PER e;8800;SBI n
8838;F;Arkens Amie;XSH s;...;NRR RX EXP 208;;;;
8840;F;Arkens Oydis;XSH s;...;NRR RX EXP 159;;;;
9080;F;Maya Azurit;XLH ns 11;28-01-1991;FD RX 7123;18914;BSH ns 12;34530;BSH ns 11
9861;M;DK Grandezza's Kimbu Sanakijana;XSH;11-12-1990;FD RX REG 1442;11931;RUS;18763;SOK n 22
10532;M;Dunvald's blue Musti;XSH a;01-08-1989;FD RX REG 1367;;;22865;BSH a
12046;F;Harvey's Mimose;XSH gs 22;20-04-1992;FD RX REG 1571;2525;PER as;27819;XSH gs 22
12647;F;Tonia vom Rococo Schloss;XLH;...;1.DEKZV 054842;1265;SBI a;8801;XLH
12976;F;Ida Doucet af Vendsyssel;XLH n 33;17-03-1992;FD RX REG 1535;11681;PER b;19151;SBI n
13115;M;DK Chagall's Baldrick;XSH a 03;07-02-1992;FD RX REG 1543;13887;PER a 03;26731;BSH a
15148;F;Quintessenza Xandotte;XSH f 09;...;FD RX 3036;2904;EUR d 22;8098;MAN n 03 53
15152;F;Penric Tuppence;XSH;...;FD RX 4637;7607;PER ns 12;15121;BUR c
15481;F;Las Perlas-sin Undine;XLH ns 11;...;1.DEKZV RX 086859;14798;SBI a;2775;PER ns 12
15609;F;Tanholt' Aby Mikstur;XSH n 25;...;FD RX 3559;;;;
15712;F;Curly-Gened Gipsy;XSH;...;FD RX 2481;;;;
15719;M;Jourdan's Curlygened Rasmus;XSH a 33;...;FD RX 3367;;;;
15720;F;Jourdan's Curly Rebecca;XSH f;...;FD RX REG 1075;15719;XSH a 33;5278;CRX f
15776;M;Dunvald's black Elvis;XSH n;01-08-1989;FD RX REG 1366;;;22865;BSH a
16375;F;DK Chagall's Clarissa;XSH a 03;07-02-1992;FD RX REG 1540;13887;PER a 03;26731;BSH a
16442;F;DK Chagall's Bernice;XSH a 03;07-02-1992;FD RX REG 1537;13887;PER a 03;26731;BSH a
16965;F;Acinthe Amee van Blue Lover;XSH a 33;...;FE.R81.XK.003.3;;;;
16966;M;Omor van Ingeing;XSH d 33;...;LBOF R 1988-26X;;;;
16967;F;Acinthe Amara van Blue Lover;XSH a 33;...;FE.R82.XK.003.1;17;XSH c 33;16965;XSH a 33
17149;M;Isak Doucet af Vendsyssel;XLH n;17-03-1992;FD RX REG 1533;11681;PER b;19151;SBI n
17444;F;DK Diamond's Miss Belive;XSH ns 11;08-05-1994;FD RX REG 1737;18458;BSH ns 11;50749;PER ns 11
18412;M;Maya Pyrit;XLH ns 11;19-07-1991;FD RX 7467;18914;BSH ns 12;20295;BSH ns 11
18725;M;DK Diamond's Mr. Benton;XLH ns 11;08-05-1994;FD RX REG 1734;18458;BSH ns 11;50749;PER ns 11
18790;M;Harvey's Sigurd;XLH n 22;27-05-1992;FD RX REG 1580;22439;XSH es 22;27394;PER fs
18808;M;Algol Silver Thyme;XSH s;...;GCCF SROS 259232;;;;
18809;F;Linkret Cleo;XSH;...;CA RX 87032003;17092;SBI n;;
18810;F;Hijoy Abracadabra;XSH fs 22;...;GCCF EX 64717;;;;
18985;F;Tessa vom Rococo Schloss;XLH;...;XX 239;;;;
19031;F;Maya Mazurka;XLH ns 12;02-01-1992;FD RX 7869;18914;BSH ns 12;34530;BSH ns 11
19269;F;DK Chagall's Cecily;XSH a 03;07-02-1992;FD RX REG 1542;13887;PER a 03;26731;BSH a
19513;M;Zureiga Blue Petroc;XSH a;...;GCCF SRNS 024544;;;;
19875;F;Jympems Chocolato Dream;XSH b 22;...;GCCF CSREF 003381;20240;CRX n;20242;SIA n 21
19912;F;DK Blue Line's Cream Madonna;XSH e;07-03-1992;FD RX REG 1545;18753;BSH e;23162;BSH g
19975;F;DK Diamond's Lady Anvi;XLH ns 11;03-04-1994;FD RX REG 1732;18458;BSH ns 11;34530;BSH ns 11
20083;M;Harvey's Silky;XSH as 22;27-05-1992;FD RX REG 1581;22439;XSH es 22;27394;PER fs
20231;M;Solitaire Coqo;XSH bs 09;...;GCCF EX 64946;19880;CRX d 09 22;20230;OSH hs
20233;F;Amaska Pretty Patch;XSH f 09;...;GCCF CSREF 001209;20231;XSH bs 09;20232;CRX f 09
20236;F;Cooli Isobel;XSH n;...;GCCF EX 062285;;;;
20238;F;Cooli Natina Notamog;XSH n 09;...;GCCF CSREF 003819;19870;BSH n 03;20237;CRX c
20379;F;Isis Doucet af Vendsyssel;XLH n 33;17-03-1992;FD RX REG 1536;11681;PER b;19151;SBI n
20381;M;DK Grandezza's Tano Sanakijana;XSH;26-12-1990;FD RX REG 1447;11931;RUS;9727;SOK n 22
20486;F;Atja v.d. Rodau;XSH a 33;...;FD RX 4124;;;;
21018;M;Harvey's Sire;XLH ns;27-05-1992;FD RX REG 1579;22439;XSH es 22;27394;PER fs
21529;M;Harvey's Walther;XSH as 22;20-03-1991;FD RX REG 1464;2525;PER as;12464;EUR fs 22
21961;M;Maya Smaragd;XLH ns 12;16-06-1991;FD RX 7468;18914;BSH ns 12;34530;BSH ns 11
22004;F;Harvey's Wanessa;XSH fs 22;20-03-1991;FD RX REG 1462;2525;PER as;12464;EUR fs 22
22439;M;Harvey's Shogun;XSH es 22;20-03-1991;FD RX REG 1463;2525;PER as;12464;EUR fs 22
22883;M;Harvey's Moonshine;XLH as;20-04-1992;FD RX REG 1570;2525;PER as;27819;XSH gs 22
23152;M;DK Grandezza's Ballou Sanakijana;XSH n 24;26-12-1990;FD RX REG 1448;11931;RUS;9727;SOK n 22
23841;F;Harvey's Hanky-Panky;XLH fs 03 22;18-06-1992;FD RX REG 1585;22439;XSH es 22;18696;PER n 02 62
23924;M;Ilja Doucet af Vendsyssel;XLH n 03;17-03-1992;FD RX REG 1534;11681;PER b;19151;SBI n
24029;F;Poedenaska de Tuatha-De-Danann;XLH ns 11;...;NCT A906237;16754;EXO ns 11;39739;BSH ns 11
24422;F;Maya Polka;XLH ns 12;02-01-1992;FD RX 7866;18914;BSH ns 12;34530;BSH ns 11
24447;M;DK Malevitch Blue Point Mr. Pyrus;XSH a 33;12-12-1997;FD RX 12552;49215;XSH a 33;69282;XSH a 33
25384;F;Maya Rhumba;XLH ns 11;24-10-1992;FD RX REG 1611;33236;PER ns 12;20295;BSH ns 11
26427;F;Maya Boogie-Woogie;XLH ns 11;09-12-1992;FD RX 8553;18914;BSH ns 12;39372;BSH ns 11
26477;M;DK Blochhusets Lotus;XSH d;24-10-1993;FD RX REG 1707;32697;EXO ny 11;41027;BSH e
27383;F;Syriam's Devine;XSH g;28-10-1990;FD RX REG 1433;2031;BSH a;1814;XSH g
27819;F;Harvey's Wam-Wam;XSH gs 22;20-03-1991;FD RX REG 1461;2525;PER as;12464;EUR fs 22
29470;M;Vincorspila's Vincent;XSH ns;...;SNVK 84-08-74KA;786;PER w 61;5581;XSH n
29746;F;Maya Aralia;XSH ns 11;11-06-1993;FD RX REG 1672;33236;PER ns 12;29418;BSH ns 11
30435;F;Angelica's Campari;XSH n;13-01-1994;FD RX REG 1724;32109;ABY a;41956;SIA b
30501;M;DK Blochhusets Bernard;XSH d;24-10-1993;FD RX REG 1708;32697;EXO ny 11;41027;BSH e
30560;M;DK Blochhusets Ballou;XSH d;24-10-1993;FD RX REG 1709;32697;EXO ny 11;41027;BSH e
30672;F;Angelica's Quille;XSH b;13-01-1994;FD RX REG 1723;32109;ABY a;41956;SIA b
30892;M;Elliot af Kildevæld DK;XSH ns 23;01-04-1995;FD RX REG 1761;56696;PER ns 12;43996;BSH ns 11
30969;M;DK Pasht's Aparajito;XSH a 23;02-12-1995;FD RX REG 1792;37442;BSH a;39333;EXO n 22
31569;F;Maya Robinia;XLH ns 12;11-06-1993;FD RX REG 1673;33236;PER ns 12;29418;BSH ns 11
31808;M;DK Diamond's Mr. Bently;XSH ns 11;08-05-1994;FD RX REG 1736;18458;BSH ns 11;50749;PER ns 11
31995;M;Thamakan John Silver;XSH ns 11;15-06-1994;FD RX REG 1747;32962;BML bs 11;38342;BUR b
32145;M;Fox Mulder Ulalumë DK;XSH d;27-01-1997;FD RX REG 1805;37558;MAN a 52;33386;BSH h
33319;M;Angelica's Samson;XSH b;13-01-1994;FD RX REG 1722;32109;ABY a;41956;SIA b
34620;F;Syriam's Choko Dee Dee;XSH b 22;09-02-1995;FD RX REG 1756;39228;EXO n 22;54115;BSH c
34630;F;Syriam's Bluebabba;XSH a 22;03-01-1995;FD RX REG 1749;39228;EXO n 22;45150;BSH a
35365;F;S*Ornäskattens Tiffany;XSH n;...;SVERAK RX 45991;35364;DRX a 33;17993;EUR a 23
35763;M;Angelica's Quark;XSH n;13-01-1994;FD RX REG 1726;32109;ABY a;41956;SIA b
36028;F;Breath-Taking's Silver Tusnelda;XLH;...;FD 1418 K;;;;
37498;M;DK Steenbergs Burmilla Petrus;XSH as 11;18-06-1997;FD RX REG 1817;30401;BML ns 11;61244;BUR c
38773;F;Tyeremilito's E-Zambra;XSH ns 22 64;...;SNVK 84-08-74K;29470;XSH ns;13753;PER ns 23 64
38975;M;DK Egalia's Blue Point Bentley;XSH a 33;24-10-1994;FD RX 10075;3387;RUS;54845;RUS
39504;F;DK Diamond's Miss Behave;XLH ns 11;08-05-1994;FD RX REG 1735;18458;BSH ns 11;50749;PER ns 11
39589;M;Syriam's O'Malleys;XSH c 22;03-01-1995;FD RX REG 1748;39228;EXO n 22;45150;BSH a
39590;F;Syriam's Fie;XSH a;03-01-1995;FD RX REG 1750;39228;EXO n 22;45150;BSH a
39757;M;Tame 95-16;XLH ns 11;28-12-1994;FD RX REG 1752;18458;BSH ns 11;36328;BSH ns 11
40408;M;Syriam's Alex;XSH a 22;09-02-1995;FD RX REG 1754;39228;EXO n 22;54115;BSH c
40409;M;Syriam's Foxy;XSH a 22;09-02-1995;FD RX REG 1755;39228;EXO n 22;54115;BSH c
40518;F;DK Chagall's Constance;XSH a 03;07-02-1992;FD RX REG 1541;13887;PER a 03;26731;BSH a
40556;F;Syriam's Dolly Daydream;XSH n 24;03-01-1995;FD RX REG 1751;39228;EXO n 22;45150;BSH a
41350;M;DK Blochhusets Holger K;XLH d;24-10-1993;FD RX REG 1706;32697;EXO ny 11;41027;BSH e
41562;M;DK Blochhusets Oliver;XLH d;23-02-1995;FD RX REG 1763;41350;XLH d;41027;BSH e
41563;F;DK Blochhusets Tessa;XLH e;23-02-1995;FD RX REG 1764;41350;XLH d;41027;BSH e
41564;M;DK Blochhusets Loko;XLH d;23-02-1995;FD RX REG 1765;41350;XLH d;41027;BSH e
41565;M;DK Blochhusets Hjalte;XSH d;23-02-1995;FD RX REG 1766;41350;XLH d;41027;BSH e
41647;F;Elsmari af Kildevæld DK;XSH ns 23;01-04-1995;FD RX REG 1762;56696;PER ns 12;43996;BSH ns 11
41743;M;Eugen af Kildevæld DK;XSH ns 12;01-04-1995;FD RX REG 1758;56696;PER ns 12;43996;BSH ns 11
41751;F;DK Hampton Court's First-Spot Fundy;XLH a 24;14-03-1995;FD RX REG 1757;31980;BSH a 24;72305;BSH a 24
42109;M;DK Pasht's Big City Blues;XSH a;12-04-1996;FD RX REG 1812;28745;BSH a;39333;EXO n 22
42200;F;DK Steenbergs Burmilla Molly;XSH ns 11;18-06-1997;FD RX REG 1818;30401;BML ns 11;61244;BUR c
42230;M;Ernest af Kildevæld DK;XSH ns 23;01-04-1995;FD RX REG 1760;56696;PER ns 12;43996;BSH ns 11
42764;M;DK Jojoba's Buster;XLH ns;03-07-1995;FD RX REG 1775;37389;SOM n;55229;PER ns 11
42765;M;DK Jojoba's Baloo;XLH ns;03-07-1995;FD RX REG 1776;37389;SOM n;55229;PER ns 11
42977;M;DK Chagall's Obelix;XSH a 03;15-05-1995;FD RX REG 1787;43638;BSH a;5299;XSH a 03
43061;M;Erico af Kildevæld DK;XSH ns 12;01-04-1995;FD RX REG 1759;56696;PER ns 12;43996;BSH ns 11
43369;F;Sylvia Ulalumë DK;XSH ns 24;10-12-1994;FD RX REG 1786;45348;BSH ns 22;44670;PER n 23
45197;M;Silverboy Wonder Ulalumë DK;XSH as 22;10-12-1994;FD RX REG 1785;45348;BSH ns 22;44670;PER n 23
45675;F;Thamakan Silver Urianne;XSH as 11;06-09-1995;FD RX REG 1790;4593;BUR b;;
45721;M;DK Pasht's Appaloosa;XSH a 23;02-12-1995;FD RX REG 1791;37442;BSH a;39333;EXO n 22
45823;F;Maya Renault Laguna;XLH ns 11;02-09-1995;FD RX REG 1788;41641;BSH ns 11;41335;BSH ns 11
46794;F;DK Chagall's Camelia;XSH a 03;07-02-1992;FD RX REG 1539;13887;PER a 03;26731;BSH a
47720;F;Millwood Patrilinea of Bengalpalace;XSH n 24;21-11-1992;TICA A1T 112192 009;80873;XSH n 24;47719;BEN n 24
47739;M;Angelica's Siam;XSH n;13-01-1994;FD RX REG 1725;32109;ABY a;41956;SIA b
49045;F;Syriam's Sumi;XSH a;27-06-1995;FD RX REG 1783;46634;BSH c 33;20110;EXO a 23
49163;F;DK Diamond's Her kommer Totten;XLH ns 11;21-04-1996;FD RX 11247;49126;BSH ny 12;40542;BSH ns 11
49215;M;DK Egalia's Blue Point Baal and Vodka;XSH a 33;23-10-1995;FD RX 10977;55058;RUS;73703;RUS
49359;M;Maya Triton;XLH ns 11;18-04-1996;FD RX 11288;47832;BSH ns 11;5213;BSH ns 11
49708;M;Debron Yorkie Man;XLH b;...;GCCF CSSR 004657;23968;BSH n;40365;BSH b
49750;F;DK Diamond's Herlige Tot;XLH ny 11;21-04-1996;FD RX 11248;49126;BSH ny 12;40542;BSH ns 11
49931;M;DK Diamond's No Body;XLH ns 11;11-06-1996;FD RX 11358;18458;BSH ns 11;61130;BSH ns 11
49939;M;Thamakan Silver Unico;XSH ns 11 31;06-09-1995;FD RX REG 1789;4593;BUR b;;
50378;M;DK Cini's Amadeus;XLH ns 11;10-06-1996;FD RX 11354;49126;BSH ny 12;56211;BSH ns 11
50596;F;Ikari Ophelia;XSH g 22 32;...;GCCF EX 64986;50594;PER d 33;50595;DRX f 22
50696;F;Syriam's Lilac Dee Dee;XSH c 23;27-06-1995;FD RX REG 1784;46634;BSH c 33;20110;EXO a 23
50898;M;DK Diamond's Nixon;XLH ns 11;11-06-1996;FD RX 11357;18458;BSH ns 11;61130;BSH ns 11
51254;F;DK Steenbergs Burmilla Dolce;XSH ns 11;18-06-1997;FD RX REG 1819;30401;BML ns 11;61244;BUR c
52143;M;DK Pasht's Boston Blackie;XSH n;12-04-1996;FD RX REG 1813;28745;BSH a;39333;EXO n 22
53120;F;Troglodyt Ulalumë DK;XSH g;28-03-1996;FD RX REG 1802;39643;MAN es 23 52;65847;MAN x a 23 54
53824;F;B Ulalumë DK;XSH n 03 23 51;30-12-1997;FD RX 1826 K;71584;MAN a 03 22 52;25153;BSH b
53841;M;A Ulalumë DK;XSH n 03 23 52;30-12-1997;FD RX 1825 K;71584;MAN a 03 22 52;25153;BSH b
53989;F;Luna Ulalumë DK;XSH g 23;20-08-1996;FD RX REG 1803;39643;MAN es 23 52;65847;MAN x a 23 54
54494;M;Rudolf Ulalumë DK;XSH d;27-01-1997;FD RX REG 1804;37558;MAN a 52;33386;BSH h
54495;F;Xylafonia Ulalumë DK;XSH g 53;27-01-1997;FD RX REG 1806;37558;MAN a 52;33386;BSH h
54496;F;Stålblå Sarah Ulalumë DK;XSH a 53;27-01-1997;FD RX REG 1807;37558;MAN a 52;33386;BSH h
54669;F;Enneads Yin-Yang;XSH n 09;...;FE.R86.XK.NZ.03;;;;
54772;F;DK Diamond's Emmy;XLH ny 11;27-01-1997;FD RX 11823;49126;BSH ny 12;40542;BSH ns 11
54784;M;DK Diamond's Egon;XLH ns 11;27-01-1997;FD RX 11822;49126;BSH ny 12;40542;BSH ns 11
55693;M;DK Steenbergs Burmilla Sunny Boy;XSH ns 11;18-06-1997;FD RX REG 1816;30401;BML ns 11;61244;BUR c
58059;F;Aratak Hi Jennifer;XSH f;...;ACF QFA 14155 ER;;;;
58517;M;DK Pasht's Bound for Glory;XSH n 24;12-04-1996;FD RX REG 1814;28745;BSH a;39333;EXO n 22
58796;F;DK Egalia's Blue Point Bessi Ginger Jane;XSH a 33;23-10-1995;FD RX 10976;55058;RUS;73703;RUS
58803;F;Maya Amalthea;XLH ns 11;18-04-1996;FD RX 11284;47832;BSH ns 11;55950;BSH ns 11
60221;F;DK Daisy's EisBlue Aphrodite of Olympia;XSH a 33;19-02-1998;FD RX 12642;49215;XSH a 33;51012;RUS
60246;M;Rishabha Chimera;XLH a 21 33;...;GCCF CSREF 285319;60244;SBI d;60245;PER n 22
60537;M;DK Malevitch Blue Point Mr. Popeye;XSH a 33;12-12-1997;FD RX 12551;49215;XSH a 33;69282;XSH a 33
61653;M;Premas Jamie;XLH n 33;...;GCCF CSREF 011942;12724;BSH c;61652;SBI n
62283;M;Iobba Pa Ulalumë DK;XSH ns 24;08-10-1997;FD RX REG 1828;39643;MAN es 23 52;51866;MAN f 03 24 52
64122;M;DK Cini's Nikolaj;XLH ns 11;21-11-1998;FD RX 13545;45343;BSH ns 11;67800;BSH ns 11
64942;F;Moomins Mondi;XSH f 09;...;GCCF CSREF 014913;;;;
66359;F;DK Pasht's Dixie Dynamite;XLH n 03;11-09-1998;FD RX 13171;43173;BSH b 03;24139;BSH g
66469;M;Syriam's Osiris;XSH c;27-06-1995;FD RX REG 1782;46634;BSH c 33;20110;EXO a 23
67070;M;Russian Kukuwka of Silver Blue DK;XSH a 33;18-10-1991;FD RX 7792;7735;RUS;55060;RUS
67071;F;DK Malevitch Blue Point Mizz Paragon;XSH a 33;12-12-1997;FD RX 12553;49215;XSH a 33;69282;XSH a 33
69282;F;(N)Jeljeny's Blue Point Lady Rose;XSH a 33;29-09-1996;FD RX 11778;54124;RUS;54055;RUS
69411;M;Ikari Xport Rexquality;XSH ns 24;...;FE.R84.XK.GB.02;17722;BSH ns 12;17723;DRX w
69579;F;Ms. Dacoata of the Rainbow Warriors;XSH;...;NCT A966077;69576;SPH n 09 21;69578;BOM non n
69585;F;Jofran Emerald Eye;XSH n;...;GCCF CSEXP 010736;;;;
69588;F;Ms. Shairy J. of the Rainbow Warriors;XSH a;...;NCT A966205;69576;SPH n 09 21;69587;RUS
74204;M;DK Noer's Gøg;XLH ns 22 64;06-10-1999;FD RX 13925;58661;BSH ns 22 64;69697;BSH ns 22 64
74205;M;DK Noer's Gokke;XLH n 22;06-10-1999;FD RX 13926;58661;BSH ns 22 64;69697;BSH ns 22 64
74899;M;Blu Baby I*;XSH a 33;09-08-1998;FD RX 1842 K;14967;RUS;74650;RUS
76137;M;Rydene Rupert;XSH ds 11;...;CA RX 93011831;;;;
76144;F;Gazzella Mistletoe;XSH fs 11;...;CA RX 95101505;76137;XSH ds 11;76138;BML x fs 11
76151;F;B-Minette;XSH ns 11;...;CA RX 91040410;76149;PER ns 12;76150;BUR b
80181;M;Enneads Pythagoras Palfinier;XSH n 09;...;PR 2554/1;;;;
80183;F;Enneads Pandora;XSH n 09;...;SIF 2645;80181;XSH n 09;80182;DRX ns
80872;F;Millwood Mirror Mirror;XSH n 24;15-08-1991;TICA A1T 081591 003;80873;XSH n 24;80874;BEN n 22
80873;M;Kabuki of Millwood;XSH n 24;14-05-1989;TICA O0T 051489 038;;;;
83483;F;DK Primprau's Palla Di Neve;XSH;27-01-2001;FD RX 107970;80127;KOR;68580;KOR
84470;F;DK Chalina's Elsa;XLH g;22-03-2001;FD RX 108605;30648;BSH a;63417;BSH g
87218;F;Glabi van Plezier;XSH ns 09;...;FE.R88.XK.001.2;;;;
87220;F;Procol Harum Mayshe Dowell;XSH f;...;FE.R88.XK.007.1;;;;
87711;F;Freja's Marcella;XSH a 22;...;FD RX 2333;12654;PER ns 22 64;4589;BSH a
88407;M;Hannibal von Lettenbach;XSH ns 25;17-12-2000;FD RX 111752;85503;BUR n;88408;XSH ns 25
88408;F;Okahandja von Andishan;XSH ns 25;...;HKC BU-1100-AK-3/99;88409;XSH ns 25;;
88409;M;Sahib von Chandigarah;XSH ns 25;12-10-1997;WACC RVDE 01030768;101827;BUR x n 25;101828;XSH bs 25
88547;F;Body Paint de Broeckloni;XLH;...;MU.R90.XL.073.2;;;;
90119;M;DK Beavis Dude;XSH ns 25;04-11-2001;FD RX 112940;88407;XSH ns 25;75276;BUR f
90120;M;DK Beavis Dante;XSH ns 25;04-11-2001;FD RX 112941;88407;XSH ns 25;75276;BUR f
90123;F;DK Beavis Daisy;XSH fs 25;04-11-2001;FD RX 112944;88407;XSH ns 25;75276;BUR f
90124;F;DK Beavis Elvira;XSH ns 25;22-11-2001;FD RX 112945;88407;XSH ns 25;85912;BUR n
90125;F;DK Beavis Ebba;XSH ns 25;22-11-2001;FD RX 112946;88407;XSH ns 25;85912;BUR n
90126;M;DK Beavis Eskil;XSH ns 25;22-11-2001;FD RX 112947;88407;XSH ns 25;85912;BUR n
90127;M;DK Beavis Elmer;XSH ns 25;22-11-2001;FD RX 112948;88407;XSH ns 25;85912;BUR n
90756;F;S*Oppigården's Händiga Hedvig;XSH f 24;...;SVERAK RX 107498;;;;
90821;F;'Stina';XSH w;...;SVERAK AVR 94-239;90746;DRX w;90747;PER a 33
92538;M;Parlörs Kinky Friedman;XSH ns 24;...;FHK KH 97-030 K;;;;
92539;M;Tiddlywinks Robin Hood;XSH ds 22;...;FHK KH 98-07 K;92538;XSH ns 24;92537;DRX f
94832;F;DK Bergholts Birgis;XLH f 23;18-05-2002;FD RX 116082;77830;BSH d;40734;BSH ns 22 64
95752;F;Hilka du Templier;XSH n 33;...;1.DEKZV 204949;;;;
96184;F;Hiawata von Seidelin;XSH ns 25;07-03-2002;FD RX 117140;74442;BUR c;;
96458;F;Syriam's Whiska;XSH ns 24 64;26-02-2002;FD RX 117258;79425;EXO ns 22 62;96457;BSH fs 11 64
96519;F;Ms. Furry-Kulla of the Rainbow Warriors;XSH n 25;...;NCT A966079;69576;SPH n 09 21;69578;BOM non n
96520;M;Rainbow Warriors' Mr. Haircule P;XSH n 09 32;30-03-1997;TICA BOT 033097 045;69576;SPH n 09 21;96519;XSH n 25
96675;F;DK Sioux's Blue;XLH g 09 23;28-03-2002;FD RX 117398;;;58823;MCO f 22
96676;F;DK Sioux's Blue Cloud;XLH g 23;28-03-2002;FD RX 117399;;;58823;MCO f 22
96677;F;DK Sioux's Petit Noir;XLH n;28-03-2002;FD RX 117400;;;58823;MCO f 22
96678;M;DK Sioux's Cæcar;XLH n 09 23;28-03-2002;FD RX 117401;;;58823;MCO f 22
96679;M;DK Sioux's Oliver;XLH n 23;28-03-2002;FD RX 117402;;;58823;MCO f 22
96680;M;DK Sioux's Bosse Beetle;XLH d 23;28-03-2002;FD RX 117403;;;58823;MCO f 22
96681;F;DK Sioux's Red and Whit;XLH d 09 22;28-03-2002;FD RX 117404;;;58823;MCO f 22
96682;F;DK Sioux's Luna;XLH d 22;28-03-2002;FD RX 117405;;;58823;MCO f 22
97370;M;Australian Keepsake;XSH a;...;NKFV RVT 80.254;119352;PER a;119353;XSH q
97579;F;Johari Shish Kabob of Millwood;XSH n 24;28-11-1994;TICA A1T 112894 003;80873;XSH n 24;97578;BEN n 24
98111;F;DK Brivia's Bianca;XLH a 24;19-10-2002;FD RX 118405;39577;BSH n;74751;BSH a 24
98292;M;DK Beavis Albert;XSH ns 25;28-11-2002;FD RX 118556;74442;BUR c;90125;XSH ns 25
101828;F;Cineole Eve;XSH bs 25;...;NZCF 054453-E;;;;
103627;M;Frygtløs 03-041;XSH ns 25;24-05-2003;FD RX 122163;90127;XSH ns 25;94697;BUR b
103628;F;Frida 03-042;XSH ns 25;24-05-2003;FD RX 122164;90127;XSH ns 25;94697;BUR b
103629;F;Feline 03-043;XSH bs;24-05-2003;FD RX 122165;90127;XSH ns 25;94697;BUR b
106904;F;Skogshöjdens Goldshadow Girl;XLH n 09 22;08-12-2002;(SE)SVERAK RX 169070;80585;SBI a 21;106897;PER n 22
108234;F;Samantha von Lettenbach;XSH ns 25;17-12-2000;FD RX 125217;85503;BUR n;88408;XSH ns 25
110929;F;Tacodah Onca Pintada;XSH b 24;...;NZCF PR 4111-C;;;;
113223;M;Brandy Curlyhead v. Batu;XSH d 25;...;BPK 220/T EXP;128902;ABY n;113226;GRX g 33
113224;F;Amarella First Curlyhead v. Batu;XLH n 09;...;BPK 122/T EXP;116674;XSH a 03;116869;XSH n
113550;M;European Star's Aaron;XSH n 23;...;1.DEKZV RX 287479;113225;GRX a 24;116673;XSH n
113552;F;Kassandra v.d. Katzentreppen;XSH d 24;...;1.DEKZV RX 292929;113551;GRX d 24;128918;XSH d 25
113554;F;European Star's Amira;XSH n 24;26-06-2002;1.DEKZV RX 287481;113225;GRX a 24;116673;XSH n
114993;M;DK Ailuro's James Joyce;XLH ds 22;07-04-2004;FD RX 129713;;;101124;MCO d 22
115179;F;Minrex Kyra;XSH n 24;...;(SE)SVERAK RX 102753;;;;
116673;F;Nicki;XSH n;...;1.DEKZV 282188;102964;...;128917;XSH n 23
116674;M;Samson;XSH a 03;...;1.DEKZV 283353;102964;...;129262;CRX as
116869;F;A'Lump Sugar The Frizzled Frolic;XSH n;...;WCF SCC 97-0976R;137378;XSH n 03;119169;GRX n
119168;M;Herkules von den Katzentreppe;XSH d 25;30-03-2001;SRK RX 23184;113551;GRX d 24;128918;XSH d 25
119178;F;Quiomme Bonsai v. Batu;XSH g 25;18-09-2000;BPK 219/T Exp.;128902;ABY n;113226;GRX g 33
119179;F;Evelyna von der Burgruine;XSH a 25;05-11-2004;FD RX 133117;119171;GRX a;119178;XSH g 25
119310;M;Cephey-Seraphis;XSH n 23;...;TARC 980618357-DSX;;;;
119353;F;Australian One in a Million;XSH q;...;NKFV RVT 74.702 EXP;;;;
121781;F;DK Leeza's Blue & White Sasha;XLH a 03;11-05-2005;FD RX 134049;97122;BSH a 03;56487;BSH a
121782;F;DK Leeza's Blå Kira;XLH a;11-05-2005;FD RX 134050;97122;BSH a 03;56487;BSH a
121865;M;DK Wehnert's Magnus;XLH n 33;28-03-2005;FD RX 134105;100743;PER n 21 33;43888;SBI a
121866;M;DK Wehnert's Max;XLH n 21 33;28-03-2005;FD RX 134106;100743;PER n 21 33;43888;SBI a
121867;F;DK Wehnert's Melissa;XLH a 33;28-03-2005;FD RX 134107;100743;PER n 21 33;43888;SBI a
121868;F;DK Wehnert's Memphis Belle;XLH a 21 33;28-03-2005;FD RX 134108;100743;PER n 21 33;43888;SBI a
125410;F;DK Camischa's AbyMese Surprise!;XSH f 25;29-08-2005;FD RX 136500;113545;ABY n;87440;BUR h
126194;M;DK Chagall's Outlaw;XLH a;04-09-2005;FD RX 137039;114402;BSH a;112399;BSH a
128047;F;Kurisumasu Momiji, DM;XLH f 09 22;20-11-1995;CFA 6791-1037405 V0597;;;;
128048;M;Cacin Hanabii Okii;XLH d 09;23-05-1989;CFA 6762-557878 V1090;;;;
128184;M;DK C-Guns Big;XSH;08-12-2005;FD RX 138463;113337;EUR ns 22;;
128185;M;DK C-Guns Houdini;XSH;08-12-2005;FD RX 138464;113337;EUR ns 22;;
128917;F;Sally;XSH n 23;...;1.DEKZV 288422;102964;...;102965;...
128918;F;Schara;XSH d 25;...;Felina 09031782;102964;...;102965;...
129115;M;Asmaïl vom Hause Hamann;XSH d 24;...;KFLN 35742867;139730;BSH e;128916;GRX d 24
129292;F;DK Beachhill's Diddle;XLH b;04-03-2006;FD RX 139078;129278;BSH b 03;105942;BSH b
130577;M;Ming Mang's At Your Service;XSH bs 22 64;19-03-2004;FD RX 139853;119348;BSH d 33;130576;SFS non ns 22
130711;M;Ocidottal Hercules;XSH c 22;...;NZCF PR 3996-A;;;;
130713;F;Spotzycat Popcorn;XSH b 22;...;NZCF PR 4216-A;130711;XSH c 22;130712;OCI x b 22
130832;F;DK Wiki's Silver Whiska;XSH ns 22 64;22-03-2006;FD RX 140022;104868;BSH ns 22 64;96458;XSH ns 24 64
136793;F;Chira vom Hause Hamann;XSH w 61;...;Felina 200992/EXP.;139734;GRX w 61;139732;XSH w 62
137133;F;Opulence Hermione;XSH g 09 24;...;CFA 2961-1377140;137049;DRX c 09 32;137132;AMS non g 09 2
137154;F;EJ REG START K-Avel DRX AVR 99-737 "Backto;XSH gs 09;...;SVERAK RX 161948;;;;
137378;M;Yankee;XSH n 03;...;WCF SCC N.I. 01-4506;;;;
137380;M;DK Snugglebugs Pengelly;XLH ns;06-09-2006;FD RX 144429;134793;GRX d 24;119179;XSH a 25
137381;F;DK Snugglebugs Leonora;XSH f 25;06-09-2006;FD RX 144430;134793;GRX d 24;119179;XSH a 25
137382;M;DK Snugglebugs Memory;XSH n;06-09-2006;FD RX 144431;134793;GRX d 24;119179;XSH a 25
137800;F;DK Jojisiko's Darling;XSH c 33;09-11-2006;FD RX 144786;130577;XSH bs 22 64;119351;BSH c 33
137803;M;DK Jojisiko's Dreamer;XSH b 33;09-11-2006;FD RX 144789;130577;XSH bs 22 64;119351;BSH c 33
137805;M;DK Jojisiko's Doncan;XSH c 33;09-11-2006;FD RX 144791;130577;XSH bs 22 64;119351;BSH c 33
138324;M;Bodwin's Ups!;XSH n 09;22-12-2006;FD RX 145166;106308;CRX ns;111415;DRX f 09
138325;F;Bodwin's Svips!;XSH b 09 33;22-12-2006;FD RX 145167;106308;CRX ns;111415;DRX f 09
138803;F;S*Raus Höjden's Happy;XLH a;21-09-2001;(SE)SVERAK RX 174352;60379;PER n;138802;SBI a
139217;F;Lumo Awonawilona;XSH n 25;14-02-2003;SVERAK RX 193514;139216;ABY n;105682;OCI o 24
139224;M;S*Tonga-Toy's Taste of Calippo;XSH n 25;23-03-2004;(SE)SVERAK RX 199364;139218;OCI n 24;139217;XSH n 25
139724;M;FIN* Mirsky;XSH n 24 09;...;DEKZV RX 309781;109414;CRX ns 09;139726;OCI b 24
139727;M;A'Jack of all trades the Frizzled Frolic;XSH n;...;WCF SCC 97-0975R;137378;XSH n 03;119169;GRX n
139732;F;Diva Dramatica v. Hause Hamann;XSH w 62;...;DRU 100233R;;;;
139733;M;Eumel vom Hause Hamann;XSH w 61;...;DEKZV 309782;;;;
143404;M;DK Wehnert's Emil;XSH n 03;27-06-2007;FD RX 149301;135692;SBI a;131827;EXO f 03
143405;F;DK Wehnert's Cookie;XSH a 33;27-06-2007;FD RX 149302;135692;SBI a;131827;EXO f 03
143406;F;DK Wehnert's Perle;XSH n 09 33;27-06-2007;FD RX 149303;135692;SBI a;131827;EXO f 03
143407;F;DK Wehnert's Cream Puff;XSH e 33;27-06-2007;FD RX 149304;135692;SBI a;131827;EXO f 03
144858;F;Casting All Care of Wackymoon Coon;XLH n;18-04-2004;FD RX 170115;102964;...;102965;...
144859;M;DK Wackymoon Coon's Paint It Black;XLH n;22-02-2006;FD RX 170116;117507;MCO a 09;144858;XLH n
147391;M;DK Wehnert's Figaro II;XSH;19-04-2008;FD RX 172020;147390;EUR n 22;141439;SBI b
147392;M;DK Wehnert's Futte;XSH;19-04-2008;FD RX 172021;147390;EUR n 22;141439;SBI b
147393;F;DK Wehnert's Freja;XSH;19-04-2008;FD RX 172022;147390;EUR n 22;141439;SBI b
148385;M;S*Aleigas Chagall;XLH;28-03-2007;SVERAK RX 232878;148384;SIB ny 24;148377;SIB fs 09
149711;M;DK Wehnert's I Robot;XLH a;21-07-2008;FD RX 173789;135692;SBI a;121868;XLH a 21 33
149712;M;DK Wehnert's Indigo;XLH a;21-07-2008;FD RX 173790;135692;SBI a;121868;XLH a 21 33
149714;M;DK Wehnert's Indiana Jones;XLH a 21;21-07-2008;FD RX 173792;135692;SBI a;121868;XLH a 21 33
149716;F;DK Wehnert's Isadora;XLH a 21;21-07-2008;FD RX 173794;135692;SBI a;121868;XLH a 21 33
149717;F;DK Wehnert's Iron Maiden;XLH a 21;21-07-2008;FD RX 173795;135692;SBI a;121868;XLH a 21 33
151074;F;DK Wackymoon Coon's Casting Crowns;XLH f 23;17-10-2007;FD RX 174869;124145;MCO w;144858;XLH n
151075;F;DK Wackymoon Coon's Picture Perfect P;XLH n 23;10-05-2008;FD RX 174870;140217;MCO n;151074;XLH f 23
151076;F;DK Wackymoon Coon's Paint a Rumour P;XLH n 23;10-05-2008;FD RX 174871;140217;MCO n;151074;XLH f 23
155408;M;Lonerock Chocolate Frosting II;XLH b 33;12-06-2002;TICA SBT 061202 024;155427;XLH w;155407;RAG b 03
155412;M;Lonerock Rocky Road;XLH b 33;05-10-2005;TICA SBT 100505 002;155408;XLH b 33;155411;RAG b
155427;M;Lonerock Snowman II;XLH w;...;TICA CON 082301 015;;;;
156918;M;Leonardo-Van vom Glasbach;XLH;...;ERB 0114/09;;;;
157604;F;DK LochLoyal's Once In a Lifetime;XSH ns 22 64;03-06-2007;FD RX 152061;130577;XSH bs 22 64;70291;BSH ns 22 64
157605;M;DK LochLoyal's Oh My Monty;XSH ns 22 64;03-06-2007;FD RX 152062;130577;XSH bs 22 64;70291;BSH ns 22 64
157606;M;DK LochLoyal's Odysseus;XSH ns 22 64;03-06-2007;FD RX 152063;130577;XSH bs 22 64;70291;BSH ns 22 64
157608;M;DK LochLoyal's Odie;XSH ns;03-06-2007;FD RX 152065;130577;XSH bs 22 64;70291;BSH ns 22 64
157929;M;DK Noer's boy to Eva Helena;XSH n 23;14-04-2007;FD RX 152183;130577;XSH bs 22 64;126350;BSH ny 24
157930;M;DK Noer's Gismo II;XSH n 21 33;14-04-2007;FD RX 152184;130577;XSH bs 22 64;126350;BSH ny 24
157931;F;DK Noer's Frøken Fine;XSH a;14-04-2007;FD RX 152185;130577;XSH bs 22 64;126350;BSH ny 24
157949;M;DK Wytopitlock Rufismus MauCoon;XSH ns 24;03-03-2007;FD RX 152203;126611;MCO a 22;122148;MAU ns 24
157950;M;DK Wytopitlock Colin the MauCoon;XSH ns 24;03-03-2007;FD RX 152204;126611;MCO a 22;122148;MAU ns 24
157951;M;DK Wytopitlock Billy Mack MauCoon;XSH ns 24;03-03-2007;FD RX 152205;126611;MCO a 22;122148;MAU ns 24
157952;F;DK Wytopitlock Just Judy MauCoon;XSH n 24;03-03-2007;FD RX 152206;126611;MCO a 22;122148;MAU ns 24
157953;F;DK Wytopitlock Carol-Anne MauCoon;XSH n 24;03-03-2007;FD RX 152207;126611;MCO a 22;122148;MAU ns 24
158166;M;DK Brisella's Hammer to Fall;XLH b;21-06-2007;FD RX 152481;114404;BSH c;129434;BSH f
158648;F;DK Chagall's Luna Longhair;XLH n;04-07-2007;FD RX 152669;133852;BSH b;104740;BSH n
159070;M;DK Chalina's Rambo;XLH a;21-06-2007;FD RX 152971;159068;BSH e;97255;BSH a
159344;F;S*Lintassen's Litchi;XLH;17-11-2006;FD RX 153045;129278;BSH b 03;159240;BSH g 03
159353;M;DK Bamsekats Caesar Julius;XSH n 09 33;26-08-2007;FD LO 153054;159342;BSH n 02;127991;BSH o 23
159357;F;DK Bamsekats Ice Blue;XSH e 33;26-08-2007;FD LO 153058;159342;BSH n 02;127991;BSH o 23
159717;F;Fur Goodness Sake Camille;XSH w;...;TICA 01T 010101 387;;;;
159729;F;DK Steenbergs Russian Black Nera;XSH;17-08-2007;FD RX 153159;122157;BUR b;138596;RUS
159730;M;DK Steenbergs Russian Black Nero;XSH;17-08-2007;FD RX 153160;122157;BUR b;138596;RUS
159731;M;DK Steenbergs Russian Black Blackie;XSH;17-08-2007;FD RX 153161;122157;BUR b;138596;RUS
160255;M;Jeromé von Waltenberg;XSH e 33;...;1.DEKZV 8451;;;;
160354;M;New Silver Tjechov Dee, CZ;XSH ns 11;...;CSCH RX 2/3/XSH;;;;
160456;M;Apaws Opus of Bastetkatz;XLH a 21;...;TICA SBT 012500 007;;;;
160818;M;Koh-I-Noor von Baumberg;XLH;...;DRU 112509;160373;BSH e;160814;ACL f 23
161232;F;DK Gugs Gyda Hårfager;XLH f 23;22-11-2007;FD RX 153713;133852;BSH b;127463;BSH d
161591;M;DK Snugglebugs Majicou;XSH n 25;16-12-2007;FD RX 154013;134793;GRX d 24;119179;XSH a 25
161592;F;DK Snugglebugs Sealink;XSH f 25;16-12-2007;FD RX 154014;134793;GRX d 24;119179;XSH a 25
161593;F;DK Snugglebugs Cottonreel;XSH f 24;16-12-2007;FD RX 154015;134793;GRX d 24;119179;XSH a 25
161666;M;Tuomas af Tokkeløkkehus DK;XLH b 03 33;31-01-2008;FD LO 154071;133464;CRX a 23;119553;CRX f 03
162235;F;Petits Lutins White Swan;XSH;...;FHK KH 2003-49;;;;
162298;F;Shama d'Althéa;XSH;...;(BE)BKKV A42-0798;;;;
162611;M;Talamasca's Coffee Shop;XLH a;...;(SE)SNRF DRX 5430 K2;162609;DRX n 09 32;162610;DRX n
162638;M;DK Byriel's Heart Breaker;XLH;26-05-2008;FD RX 154668;134150;BSH c 03;159572;BSH a
162718;F;DK LochLoyal's Tjej AngelEyes;XSH ns 22 64;09-05-2008;FD RX 154693;130577;XSH bs 22 64;70291;BSH ns 22 64
162721;F;DK LochLoyal's Thank Y for the Music;XSH ns;09-05-2008;FD RX 154696;130577;XSH bs 22 64;70291;BSH ns 22 64
162780;F;DK Asgård's Divine Cloe;XLH;19-03-2008;FD RX 154736;133852;BSH b;133122;BSH a 03
162781;F;DK Asgård's Divine Dafne;XLH;19-03-2008;FD RX 154737;133852;BSH b;133122;BSH a 03
162835;M;DK Vipperødhus Dionysos;XSH ns 22 64;14-04-2008;FD RX 154789;157770;BML fs 11;157811;BSH ns 24 64
162976;F;Alaska vom Grutholz;XSH n 09 22;...;IRCC 011173 Bd. IV;;;;
162978;F;Madita vom Grutholz;XSH b;...;DE 27578 RIEX;;;;
163315;M;DK ChrisToCats Camero;XLH n 22;04-05-2008;FD RX 154882;130577;XSH bs 22 64;121774;BSH ns
163316;M;DK ChrisToCats Chevy;XSH n;04-05-2008;FD RX 154883;130577;XSH bs 22 64;121774;BSH ns
163318;F;DK ChrisToCats Cleo;XLH ns 22 64;04-05-2008;FD RX 154885;130577;XSH bs 22 64;121774;BSH ns
163319;F;DK ChrisToCats Clandestine;XSH ns 22 64;04-05-2008;FD RX 154886;130577;XSH bs 22 64;121774;BSH ns
163426;F;DK Wee-Ko's Wanna Be Me;XSH n 22;14-06-2008;FD LO 155048;124886;SIA a 21;135804;OSH f 03
163445;F;Currly Zsa Zsa;XSH w 63;...;1.ITAVC SEL-LO-2713/6.05;136769;SRS as 33;160350;BSH j 03
163528;M;DK Noer's Ingolf;XSH b;26-05-2008;FD RX 155086;130579;BSH o;137800;XSH c 33
163529;M;DK Noer's Pingo;XSH b 33;26-05-2008;FD RX 155087;130579;BSH o;137800;XSH c 33
163530;M;DK Noer's Frede;XSH c 33;26-05-2008;FD RX 155088;130579;BSH o;137800;XSH c 33
163648;F;DK Shadowfax Phoenix;XLH;17-07-2008;FD RX 155166;102964;...;113317;PER es
163649;M;DK Shadowfax Cyclops;XLH;17-07-2008;FD RX 155167;102964;...;113317;PER es
163650;F;DK Shadowfax Storm;XLH;17-07-2008;FD RX 155168;102964;...;113317;PER es
163651;M;DK Shadowfax Pyro;XLH;17-07-2008;FD RX 155169;102964;...;113317;PER es
163652;M;DK Shadowfax Wolverine;XLH;17-07-2008;FD RX 155170;102964;...;113317;PER es
163653;F;DK Shadowfax Mystique;XLH;03-08-2008;FD RX 155171;102964;...;79098;PER g 03
163805;F;DK Asgård's Divine Flora;XLH;28-08-2008;FD RX 155251;97122;BSH a 03;120082;BSH j
164136;F;DK Chagall's Yeti;XLH b;01-08-2008;FD RX 155481;133852;BSH b;110083;BSH b
164367;M;DK Marbejas Aragon;XLH;02-11-2008;FD RX 155726;102964;...;111945;EXO g 03
164368;M;DK Marbejas Avalon;XLH;02-11-2008;FD RX 155727;102964;...;111945;EXO g 03
164369;F;DK Marbejas Anakina;XLH;02-11-2008;FD RX 155728;102964;...;111945;EXO g 03
164900;F;DK Riona's Abnoda;XSH ns 24;09-07-2008;FD RX 155850;138861;BSH ns 22 64;161056;SRL a
164901;F;DK Riona's Achtan;XSH ns 24;09-07-2008;FD RX 155851;138861;BSH ns 22 64;161056;SRL a
164902;F;DK Riona's Aeval;XSH ns 24;09-07-2008;FD RX 155852;138861;BSH ns 22 64;161056;SRL a
164903;M;DK Riona's Baal;XSH ns;09-07-2008;FD RX 155853;138861;BSH ns 22 64;161056;SRL a
164904;M;DK Riona's Belenos;XSH ns;09-07-2008;FD RX 155854;138861;BSH ns 22 64;161056;SRL a
164905;M;DK Riona's Borvo;XSH ns 24;09-07-2008;FD RX 155855;138861;BSH ns 22 64;161056;SRL a
165698;M;DK Noer's John Hastrings;XSH b 33;13-07-2008;FD RX 156197;135865;BSH b;159062;SRS a 33
165699;F;DK Noer's Agate Christi;XSH b 33;13-07-2008;FD RX 156198;135865;BSH b;159062;SRS a 33
167553;F;S*Lockhart's Amazing Thing;XSH ns 24;...;(S)SVERAK RX 187098;;;;
167554;F;Palörs Lin;XSH ns 24;...;(S)SVERAK RX 159011;;;;
168095;F;Bella Donna Viridian, CZ;XLH f 02;...;(CZ)CSCH RX 26/8/XLH;135833;BSH d 03;168094;BSH a 03
168096;F;Yale vom Kupferstich;XLH a 03;19-07-2009;FD RX 157700;168087;BSH p;168095;XLH f 02
168223;M;Gracia's Ludvig;XLH b;02-09-2009;FD RX 157754;133852;BSH b;158652;BSH h
169159;M;Bart Aksarah Bhutani, CZ;XLH b 03;19-10-2009;(DK)FD LO 158293;169158;KBL n 03;169156;KBL d
169886;F;98-667 'Lilla Blå';XSH g;10-08-1997;(SE)SVERAK RX 162822;102964;...;102965;...
170007;F;DK Ditte Marie's Bedårende Medina;XLH;27-04-2010;(DK)FD RX 158738;159827;BSH ns 22 64;160222;BSH a
170008;F;DK Ditte Marie's Bella;XLH;27-04-2010;(DK)FD RX 158739;159827;BSH ns 22 64;160222;BSH a
170010;M;DK Ditte Marie's Bamse;XLH;27-04-2010;(DK)FD RX 158741;159827;BSH ns 22 64;160222;BSH a
170299;F;D'Lies Silver Malou;XSH ns 22 64;20-04-2010;(DK)FD RX 158946;138861;BSH ns 22 64;130832;XSH ns 22 64
170300;M;D'Lies Silver Silas;XSH ns 22 64;20-04-2010;(DK)FD RX 158947;138861;BSH ns 22 64;130832;XSH ns 22 64
170301;M;D'Lies Silver Touch;XSH ns 22 64;20-04-2010;(DK)FD RX 158948;138861;BSH ns 22 64;130832;XSH ns 22 64
170302;M;D'Lies Silver Dream;XSH ns 22 64;20-04-2010;(DK)FD RX 158949;138861;BSH ns 22 64;130832;XSH ns 22 64
170352;F;DK All-Saints Quira;XSH fs 11 31;11-06-2010;(DK)FD RX 158999;167587;BUR e;162211;BML ns 11 31
171349;F;DK Gugs Nefertiti Nullergøj;XLH;10-07-2010;(DK)FD RX 200279;164240;BSH ns 11;161234;BSH f
172482;M;Sunrise Pretty Pleasure;XSH b 33;...;BPKK 003/4.4;;;;
172483;F;Aziza;XSH c 21;...;BPKK 002/4.4;;;;
172484;F;Assuris Art-Pedelsson;XSH c 33;...;BBFB 016/4.4;172482;XSH b 33;172483;XSH c 21
172489;M;Niuws;XSH d 21;...;SL-104/204/PBD;;;;
172491;M;Alf Rusty Rushik;XSH d 21;...;SL-039/06/PBD;172489;XSH d 21;172490;PEB j
172492;M;Coblin Gato-Balchis*LT;XSH b 33;...;WCF PL SKR RX 0116;172491;XSH d 21;172484;XSH c 33
172776;F;Skogshöjdens Kajal Black;XLH n 09;...;(SE)SVERAK RX 177877;;;;
172779;F;Skogshöjdens Ghost Girl;XLH n 09 22;...;(SE)SVERAK RX 169069;;;;
173485;F;Aldrin Irish Coffee of Saga;XSH b 25;...;CFA 0203-085741;59787;OCI b 24;173484;ABY n
173486;F;Saga Caffeine Katie;XSH b 24;...;CFA 0217-1149320;173483;OCI b 24;173485;XSH b 25
173487;M;Saga Sorban of Rubelit;XSH n 24;...;(CZ)CSCH RX 1/0/OCI;173479;OCI n 24;173486;XSH b 24
174281;M;DK All-Saints Spectacular Laban;XSH ns 11 31;23-11-2010;(DK)FD RX 202187;167587;BUR e;163409;BML ns 11
174282;M;DK All-Saints Strictly Ludi;XSH as 11 31;23-11-2010;(DK)FD RX 202188;167587;BUR e;163409;BML ns 11
174283;M;DK All-Saints Sincerely Leo;XSH ns 25;23-11-2010;(DK)FD RX 202189;167587;BUR e;163409;BML ns 11
174284;F;DK All-Saints Special Nemi;XSH gs 11 31;23-11-2010;(DK)FD RX 202190;167587;BUR e;163409;BML ns 11
174355;F;S*Raus Höjden's Isa;XLH b;14-05-2004;(S)SVERAK RX 200615;117810;SBI b;138803;XLH a
174519;M;S*Raus Höjden's Atlas;XLH n;...;(SE)SVERAK RX 174354;;;;
177422;M;DK D'Lies Casanova;XLH a;02-05-2011;(DK)FD RX 204274;169087;BSH a;169091;BSH a
179504;F;Rosevalleyrags Jildou;XLH b 33;...;CAT 09052009RD002;155412;XLH b 33;179503;RAG c
179505;F;Zenzidolls Freya van Oranje;XLH b 21 33;02-06-2010;NCT 2010.2282;179499;RAG b 04 21;179504;XLH b 33
179672;M;Trollehöjds Little River;XLH a 21;12-08-2010;(SE)SVERAK LO 271279;179671;PER n 21 33;179666;SBI n
180153;M;Trollius van Butobellatus;XLH e 03;...;(NL)FE.R05.XLH.1111;179922;BSH c 03;179921;BSH g 03
180154;M;Monsieur Magoo vom Halterner;XLH e 03;...;ITAVC LO-8859/1.07;180153;XLH e 03;179929;BSH e
180410;F;Flower Power Black Magic;XSH n;...;(NL)UN.R03.XSH.115.1;;;;
180544;F;Gumble Cat's Grizabella;XLH n 33;...;SNVK A 05-06-034K;;;;
180642;M;Chosenhill Idris;XLH a 09 33;...;GCCF CSREF 697973;180638;PER c 33;180641;SBI f
181044;F;Szarvasi-Doromboló Saci;XSH n 22;16-09-2007;(DK)FD RX 206616;;;;
181424;F;Tyrell Go Fur It;XSH n;...;FHK KH 2007-38 K 1;181423;EUR n;178714;SPH b 21 32
181425;F;DevilsHaircut The Greater Good;XSH f 21;...;FHK KH 2009-60 K2;133115;SPH d 09 21;181424;XSH n
181961;F;Chosenhills Rusty Snowball;XLH d 09 33;...;GCCF CS REF 468474;195558;XLH e 09;195559;XLH f 09 33
182332;F;DK Byriel's Princess;XLH;27-01-2012;(DK)FD RX 208440;171821;BSH c 03;170034;BSH h 03
183302;F;Empire's Amor Amor;XLH c 33;02-03-2012;(DK)FD RX 209080;174544;BSH c 33;168404;BSH h 33
183557;F;Ramses Vianta;XSH n 09 21;...;(DE)ZD-0304 Exp.;;;183556;EUR f 03
183559;F;Bagira;XSH n;...;(DE)05/05 WP DSX;182285;DSP n;183557;XSH n 09 21
183560;F;Agat Esenija blue Glamour;XSH a 09 21;...;DE 67813 Exp.;182289;DSP a 09 21;183559;XSH n
183685;M;DK Petheaven Captain James Kelly;XSH b br;11-03-2012;(DK)FD RX 209201;180238;PEB b 83;168521;OSH c
184048;F;Empire's Butterscotch Pudding;XLH j 33;24-03-2012;(DK)FD RX 209480;174544;BSH c 33;169184;BSH f 33
184057;F;Empire's Amor Amor;XLH c 33;02-03-2012;(DK)FD RX 209489;174544;BSH c 33;168404;BSH h 33
184983;M;DK Vængets Imanuel;XLH a;16-04-2012;(DK)FD RX 210045;133126;BSH c 03;172615;BSH a 03
184985;F;DK Vængets Iza;XLH c 01;16-04-2012;(DK)FD RX 210047;133126;BSH c 03;172615;BSH a 03
185480;M;DK All-Saints Ursus;XSH ds 11;06-05-2012;(DK)FD RX 210415;178126;BML ns 11 31;170352;XSH fs 11 31
185481;F;DK All-Saints Ursula;XSH ns 11 31;06-05-2012;(DK)FD RX 210416;178126;BML ns 11 31;170352;XSH fs 11 31
185482;F;DK All-Saints Uma;XSH ns 11 31;06-05-2012;(DK)FD RX 210417;178126;BML ns 11 31;170352;XSH fs 11 31
185497;F;Beau Monde's Chenoa;XLH n;...;BCF BRI.0606-072;;;;
185498;M;The Blue Sassenach Gideon;XLH c;...;CP05-1425-m-mrv1;;;;
185501;F;Caroline of Sweet Casanovas;XLH g;...;FELINA e.V. 09073973;;;;
185503;M;Picasso von Shantonnay;XLH a 03 21 33;...;RKVN RW 06-5195;;;;
185504;F;Alka von der Braig's;XLH e;...;KFG 03-6633/06-w;;;;
185945;F;(N)Manhunter's Define The World;XSH n 09;02-03-2012;(DK)FD RX 210670;185769;PEB b 09 64;185750;OSH a
185946;M;(N)Manhunter's Year In Review;XSH  b 09;02-03-2012;(DK)FD RX 210671;185769;PEB b 09 64;185750;OSH a
185948;M;(N)Manhunter's Mygodwhata Face;XSH  b 03;02-03-2012;(DK)FD RX 210673;185769;PEB b 09 64;185750;OSH a
186379;F;DK Leersbriter's Blue;XLH a;08-07-2012;(DK)FD LO 211012;168069;BSH a;170310;BSH o
186757;M;DK D'Lies Hugo Boss;XSH a;20-07-2012;(DK)FD RX 211274;177422;XLH a;167965;BSH a
186758;F;DK D'Lies Miss Gucci;XSH a;20-07-2012;(DK)FD RX 211275;177422;XLH a;167965;BSH a
186759;M;DK D'Lies Polo;XSH a;20-07-2012;(DK)FD RX 211276;177422;XLH a;167965;BSH a
186760;F;DK D'Lies Coco Chanel;XSH a;20-07-2012;(DK)FD RX 211277;177422;XLH a;167965;BSH a
186849;F;Brownie af Misapotanien;XSH ns 11 31;15-07-2012;(DK)FD RX 211352;174281;XSH ns 11 31;126845;BML ns 11
186862;F;New Hymes of Wackymoon;XLH f 03;...;CFF ACA-85530-1;102964;...;102965;...
186863;F;Wackymoon Cupcake;XLH gs 09;22-03-2012;(DK)FD RX 204833;186861;MCO as;186862;XLH f 03
187378;M;Trollehöjds Little Rock;XLH n 33;12-08-2010;(SE)SVERAK RX 271278;179671;PER n 21 33;179666;SBI n
187479;M;DK Wehnert's Igor;XSH ns 22;15-05-2012;(DK)FD RX 211734;174983;BSH ns 22 64;163910;EUR n 22
187480;M;DK Wehnert's Ivan;XSH ns 22;15-05-2012;(DK)FD RX 211735;174983;BSH ns 22 64;163910;EUR n 22
187481;F;DK Wehnert's Irina;XSH ns 22;15-05-2012;(DK)FD RX 211736;174983;BSH ns 22 64;163910;EUR n 22
187482;F;DK Wehnert's Iben;XSH ns 22;15-05-2012;(DK)FD RX 211737;174983;BSH ns 22 64;163910;EUR n 22
187891;F;J.Lo of British Castle;XLH f 03;...;1FCC BLH 170507007;180153;XLH e 03;187890;BSH b
187892;F;Yankee Lady op Acht;XLH b;10-05-2009;NCT A2009-7657;187884;BSH o;187889;BSH c
187893;M;Quatermain of British Castle;XSH n;07-06-2009;1FCC BRI 0104864603;169167;BSH d;187891;XLH f 03
187894;F;Willow of British Castle;XSH b;08-07-2010;1FCC BRI 220956064392;187893;XSH n;187892;XLH b
187895;F;Chocolate Chips Grace'n Glory;XSH c;21-04-2012;(DK)FD RX 211992;187887;BSH b;187894;XSH b
187896;M;Chocolate Chips Good to be Coolbear;XSH b;21-04-2012;(DK)FD RX 211993;187887;BSH b;187894;XSH b
188693;M;NL*Navayana's Janny Junior;XLH n 21 33;...;(NL)FE.RX11.XLH.091.2;188692;PER b 21 33;188686;SBI n
189110;M;DK All-Saints Verdi;XSH bs 11 31;29-10-2012;(DK)FD RX 212685;178126;BML ns 11 31;170352;XSH fs 11 31
189111;M;DK All-Saints Vivaldi;XSH ns 11 31;29-10-2012;(DK)FD RX 212686;178126;BML ns 11 31;170352;XSH fs 11 31
189517;M;DK Coolbear's Born To Be Alive;XLH a;04-07-2012;(DK)FD RX 212843;169247;BSH a;176256;BSH b
190642;M;DK Coolbear's A little Bit More;XLH a;24-03-2013;(DK)FD RX 213588;169247;BSH a;177945;BSH a
190643;M;DK Coolbear's Between Mind & Heart;XLH a;09-04-2013;(DK)FD RX 213589;169247;BSH a;181745;BSH b
191421;F;DK D'Lies Mercedes;XSH g 03;10-08-2012;(DK)FD RX 214008;165229;BSH e;168096;XLH a 03
191997;F;Bare Essentials XXIII Ny;XSH w 63;21-11-2012;(DK)FD RX 214424;191860;SPH w 63;191873;SPH d 21 32
193007;F;DK Byriel's Unique;XLH e 03;02-08-2013;(DK)FD RX 215123;185537;BSH e;170034;BSH h 03
195241;F;Fancy Helen;XLH c;10-11-2013;(DK)FD RX 216422;191382;BSH a 23;168230;BSH c 33
195558;M;Chosenhill Wallistock;XLH e 09;...;GCCF CS REF 409708;;;;
195559;F;Chosenhill Penny Patches;XLH f 09 33;...;GCCF CS REF 409706;;;;
196078;M;Linkret Pussin Boots;XSH a 09 33;30-07-1997;(GB)CA RX 970872;;;;
197237;F;RU*Moon Pet Fairytail;XSH a 23;...;(LV)CFCA RX 586;197236;AMS non a 22;187541;SPH w 66
198867;F;DK Snow Shy's Aveta;XLH n 22;03-06-2014;(DK)FD RX 218573;180140;EUR ns 22;186413;EUR a
198868;M;DK Snow Shy's Esus;XLH n 22;03-06-2014;(DK)FD RX 218574;180140;EUR ns 22;186413;EUR a
198869;M;DK Snow Shy's Codal;XLH a 22;03-06-2014;(DK)FD RX 218575;180140;EUR ns 22;186413;EUR a
199034;F;DK All-Saints Yamaaha;XSH fs 11 31;02-06-2014;(DK)FD RX 218723;163408;BML ns 11 31;170352;XSH fs 11 31
199035;F;DK All-Saints Yavika;XSH ns 11 31;02-06-2014;(DK)FD RX 218724;163408;BML ns 11 31;170352;XSH fs 11 31
201243;M;Martin Ryjikoff;XSH a;01-01-2014;(DK)FD RX 219818;201242;KBS d 22;201241;KBS g 23
204080;M;S*Litherna's Gli Azzurri '06;XLH n 21 33;...;(SE)SVERAK RX 225215;;;;
204081;M;S*Xentil's Out of My Mind;XLH b 21 33;...;(SE)SVERAK RX 222356;;;;
204082;F;S*Xenti's Vera Wang;XLH c 33;21-10-2007;(SE)SVERAK RX 239272;204080;XLH n 21 33;204079;SBI a
204087;F;Trollehöjds ZoeRX;XLH n 33;06-02-2012;(SE)SVERAK RX 289430;187378;XLH n 33;187385;SBI c
204622;M;DK All-Saints Zeppelin;XSH ns 11 31;20-05-2015;(DK)FD RX 221724;178126;BML ns 11 31;170352;XSH fs 11 31
204623;F;DK All-Saints Zyttemis;XSH fs 11 31;20-05-2015;(DK)FD RX 221725;178126;BML ns 11 31;170352;XSH fs 11 31
204776;F;Anaitis Cristall Sofira Star of World;XSH f;...;(RU)UA.FAU.01.9364.07;204775;DRX n 21 32;204774;SPH n 21
204777;M;Archibald;XSH n;...;(RU)UA 127408105;204773;SPH d 21;204776;XSH f
204838;F;Fabia Roza Kaira;XSH h;...;(RU)UA 543711405;204777;XSH n;204770;SPH w 64
204839;M;Roza Kaira Amour;XSH w;...;(RU)UA-GFB/R-047/305.10.09/SPH;204777;XSH n;204770;SPH w 64
204840;M;Purepride My Favorite;XSH c;...;(RU)FCA N 270211 039;204839;XSH w;204763;SPH c 31
204841;M;Isida Wellington;XSH n 03 32;...;(RU)FCA N 200912 047;204840;XSH c;204764;SPH n 02 32
205809;F;Areerat Mod Daeng;XSH n 32;...;TICA 01T 100109 057;102964;...;181780;...
205810;F;Catizen Looksaohangthai;XSH n 32;30-08-2012;TICA 02T 083012 053;205808;BUR c;205809;XSH n 32
206974;M;ES*Bellabonny Pink Floyd;XSH ns 11;...;ASFE RX 47581;206965;BML ns 11;208242;ALH non ns
206975;F;Honey Moon de l'Ile d'Oriane;XSH ns 11;...;LOOF 2012.12702;206974;XSH ns 11;206973;BML ns 11
206976;M;Isco du Madison cat's;XSH ns 11;...;LOOF 2013.20819 RIEX4;206972;BML ns 11;206975;XSH ns 11
207938;F;Bonfire Silver Crocus*CZ;XSH d;...;(CZ)CSCH RX 26/5/BML;;;;
208070;M;Tickled Mink of Lattedolls;XLH os 09 11;...;TICA 01T 122599 020;;;;
208071;M;Raglegends Simon of Lattedolls;XLH n 03;...;TICA A2N 030304 055;208070;XLH os 09 11;208059;RAG n 04
208072;F;Lattedolls Purrl;XLH ns 03;...;TICA A2N 112204 031;208070;XLH os 09 11;208058;RAG n
208073;M;Lattedolls Sponge Bob;XLH b 03;...;TICA B3N 061905 058;208071;XLH n 03;208072;XLH ns 03
208074;M;Glen Bogle;XLH d 03 23;...;TICA CON 060808 061;208073;XLH b 03;206331;RAG g 04
208267;F;Kitty vom Burgersruh;XSH as 11 33;...;GdK-01-008102/2007-w Riex;208255;SRS x ns 11 33;208256;BSH bs 21 33
208269;F;Mistery Snezhny Bars;XSH ns 25;...;(RU)M 0522/12/BRI;208265;BSH ns 11;208268;...
211282;F;Curly Yorinthe van Brifety;XLH w 61;...;NCT A2007-7500;211281;BLH w 62;136775;SRS h
211283;F;Marilyn van Brifety;XSH b;...;NCT A2009-7068;211278;BSH o;211282;XLH w 61
212832;M;Trollehöjds Ge May;XLH a 21 33;30-04-2013;(SE)SVERAK RX 316436;187654;SBI a 21;204087;XLH n 33
212833;M;Trollehöjds Taodao;XLH n 21 33;16-02-2015;(SE)SVERAK RX 319208;212832;XLH a 21 33;204085;SBI n
